ecosystem,model_source,draw_or_member,mode,turnover_time_years,carbon_stock,baseline_respiration,warm_respiration,cumulative_carbon_loss,slow_carbon_fraction_of_excess_respiration
Harvard Forest,observation_constrained,0,fast,2.2277323143825103,1240.860107421875,312.6374656817609,312.6374656817609,432.7371826171875,0.0
Harvard Forest,observation_constrained,0,intermediate,30.907800698554208,4183.912109375,92.8080494471338,92.8080494471338,1004.230712890625,0.0
Harvard Forest,observation_constrained,0,slow,331.72878992985767,5033.5341796875,11.722686845343373,11.722686845343373,199.97412109375,0.20971341056410836
Harvard Forest,observation_constrained,1,fast,2.2277323143825103,1240.860107421875,312.6374656817609,312.6374656817609,432.7371826171875,0.0
Harvard Forest,observation_constrained,1,intermediate,30.907800698554208,4183.912109375,92.8080494471338,92.8080494471338,1004.230712890625,0.0
Harvard Forest,observation_constrained,1,slow,331.72878992985767,5033.5341796875,11.722686845343373,11.722686845343373,199.97412109375,0.20971341056410836
Harvard Forest,observation_constrained,2,fast,2.2416851327604923,1248.632080078125,326.23422959342497,326.23422959342497,434.70806884765625,0.0
Harvard Forest,observation_constrained,2,intermediate,35.55319145762661,4164.193359375,78.96129641320303,78.96129641320303,972.075927734375,0.0
Harvard Forest,observation_constrained,2,slow,334.27350314285184,4971.31591796875,11.489647813700238,11.489647813700238,184.18212890625,0.21315593185011386
Harvard Forest,observation_constrained,3,fast,2.2416851327604923,1248.632080078125,326.23422959342497,326.23422959342497,434.70806884765625,0.0
Harvard Forest,observation_constrained,3,intermediate,35.55319145762661,4164.193359375,78.96129641320303,78.96129641320303,972.075927734375,0.0
Harvard Forest,observation_constrained,3,slow,334.27350314285184,4971.31591796875,11.489647813700238,11.489647813700238,184.18212890625,0.21315593185011386
Harvard Forest,observation_constrained,4,fast,2.238374999822002,1246.7882080078125,323.2729154640298,323.2729154640298,434.24127197265625,0.0
Harvard Forest,observation_constrained,4,intermediate,34.67330997404491,4198.81103515625,82.64706791077145,82.64706791077145,985.643310546875,0.0
Harvard Forest,observation_constrained,4,slow,354.8329601712378,4991.890625,10.868720223153879,10.868720223153879,177.40966796875,0.20126090522581835
Harvard Forest,observation_constrained,5,fast,2.238374999822002,1246.7882080078125,323.2729154640298,323.2729154640298,434.24127197265625,0.0
Harvard Forest,observation_constrained,5,intermediate,34.67330997404491,4198.81103515625,82.64706791077145,82.64706791077145,985.643310546875,0.0
Harvard Forest,observation_constrained,5,slow,354.8329601712378,4991.890625,10.868720223153879,10.868720223153879,177.40966796875,0.20126090522581835
Harvard Forest,observation_constrained,6,fast,2.2363042505856483,1245.634765625,322.35054332743937,322.35054332743937,433.94842529296875,0.0
Harvard Forest,observation_constrained,6,intermediate,34.38009475960054,4205.57861328125,82.62146580545456,82.62146580545456,989.035400390625,0.0
Harvard Forest,observation_constrained,6,slow,324.56543954037664,4975.7802734375,11.843940563678299,11.843940563678299,192.49267578125,0.2155331468799889
Harvard Forest,observation_constrained,7,fast,2.224435359686831,1239.0238037109375,319.1363020350643,319.1363020350643,432.27093505859375,0.0
Harvard Forest,observation_constrained,7,intermediate,33.21648532683856,4204.56396484375,83.64620548879745,83.64620548879745,995.877685546875,0.0
Harvard Forest,observation_constrained,7,slow,270.14407217322065,4931.7685546875,14.104072835552877,14.104072835552877,228.3916015625,0.24663682151771196
Harvard Forest,observation_constrained,8,fast,2.2202707378922213,1236.7039794921875,319.07038144996295,319.07038144996295,431.6822509765625,0.0
Harvard Forest,observation_constrained,8,intermediate,33.31489507085419,4219.04296875,85.50853507096141,85.50853507096141,998.718017578125,0.0
Harvard Forest,observation_constrained,8,slow,310.81414620006046,4943.52392578125,12.28777263267002,12.28777263267002,201.78662109375,0.2203289567771597
Harvard Forest,observation_constrained,9,fast,2.2158011445028873,1234.2144775390625,327.20487914498204,327.20487914498204,431.04986572265625,0.0
Harvard Forest,observation_constrained,9,intermediate,36.44921318136728,4214.9296875,76.83936806339707,76.83936806339707,978.3037109375,0.0
Harvard Forest,observation_constrained,9,slow,307.1394443241835,4955.16748046875,12.464074957482826,12.464074957482826,196.17919921875,0.22816601414871526
Harvard Forest,observation_constrained,10,fast,2.2133966258193936,1232.8751220703125,326.33706920038685,326.33706920038685,430.7088623046875,0.0
Harvard Forest,observation_constrained,10,intermediate,36.1205125860349,4218.59375,78.05271540718583,78.05271540718583,981.252685546875,0.0
Harvard Forest,observation_constrained,10,slow,316.7999577510457,4978.6142578125,12.141173854270715,12.141173854270715,192.541015625,0.22274280603284233
Harvard Forest,observation_constrained,11,fast,2.21499512340496,1233.7655029296875,321.4131688853029,321.4131688853029,430.93463134765625,0.0
Harvard Forest,observation_constrained,11,intermediate,34.254029339109834,4228.50048828125,83.54601949726435,83.54601949726435,995.25,0.0
Harvard Forest,observation_constrained,11,slow,327.9981977005863,5002.6298828125,11.78322676097711,11.78322676097711,192.07958984375,0.21415656778903178
Harvard Forest,CESM,0,fast,0.37607091665267944,209.4737548828125,290.31722176956407,323.5148855863251,118.24754333496094,0.0
Harvard Forest,CESM,0,intermediate,20.120471954345703,2640.9052734375,88.63341034620834,116.53968513705438,673.5721435546875,0.0
Harvard Forest,CESM,0,slow,234.21286010742188,3789.036865234375,12.498379654921152,16.491616011387098,242.472412109375,0.33807206530541273
Barrow,observation_constrained,0,fast,5.110931997620573,4528.13037109375,72.08657342646285,72.08657342646285,3689.2835083007812,0.0
Barrow,observation_constrained,0,intermediate,22.924019451414306,4036.037841796875,14.739228410890082,14.739228410890082,1662.697265625,0.0
Barrow,observation_constrained,0,slow,1850.5363881343878,21125.716796875,0.5625710761125193,0.5625710761125193,13.24609375,0.07515864517672063
Barrow,observation_constrained,1,fast,5.110931997620573,4528.13037109375,72.08657342646285,72.08657342646285,3689.2835083007812,0.0
Barrow,observation_constrained,1,intermediate,22.924019451414306,4036.037841796875,14.739228410890082,14.739228410890082,1662.697265625,0.0
Barrow,observation_constrained,1,slow,1850.5363881343878,21125.716796875,0.5625710761125193,0.5625710761125193,13.24609375,0.07515864517672063
Barrow,observation_constrained,2,fast,5.110931997620573,4528.13037109375,72.08657342646285,72.08657342646285,3689.2835083007812,0.0
Barrow,observation_constrained,2,intermediate,22.924019451414306,4036.037841796875,14.739228410890082,14.739228410890082,1662.697265625,0.0
Barrow,observation_constrained,2,slow,1850.5363881343878,21125.716796875,0.5625710761125193,0.5625710761125193,13.24609375,0.07515864517672063
Barrow,observation_constrained,3,fast,5.084861011422059,4505.0322265625,71.95619851471457,71.95619851471457,3671.3060913085938,0.0
Barrow,observation_constrained,3,intermediate,23.80783300329322,4221.7158203125,14.961706927899586,14.961706927899586,1697.306640625,0.0
Barrow,observation_constrained,3,slow,2065.040812898827,21048.193359375,0.5022835640108663,0.5022835640108663,10.46484375,0.06660672086368688
Barrow,observation_constrained,4,fast,5.084861011422059,4505.0322265625,71.95619851471457,71.95619851471457,3671.3060913085938,0.0
Barrow,observation_constrained,4,intermediate,23.80783300329322,4221.7158203125,14.961706927899586,14.961706927899586,1697.306640625,0.0
Barrow,observation_constrained,4,slow,2065.040812898827,21048.193359375,0.5022835640108663,0.5022835640108663,10.46484375,0.06660672086368688
Barrow,observation_constrained,5,fast,5.14664245088797,4559.76904296875,72.63529883979238,72.63529883979238,3713.8700561523438,0.0
Barrow,observation_constrained,5,intermediate,23.281889347946507,3973.89892578125,14.455124820636936,14.455124820636936,1617.255859375,0.0
Barrow,observation_constrained,5,slow,2295.037983028321,21146.083984375,0.4540487636382575,0.4540487636382575,10.869140625,0.06163965250921456
Barrow,observation_constrained,6,fast,5.142496675049638,4556.095703125,72.59186603617394,72.59186603617394,3711.0176391601562,0.0
Barrow,observation_constrained,6,intermediate,23.74158158255186,4062.43701171875,14.401271687064398,14.401271687064398,1631.774658203125,0.0
Barrow,observation_constrained,6,slow,2118.453894355951,21691.111328125,0.5045746914957623,0.5045746914957623,10.404296875,0.067895717487941
Barrow,observation_constrained,7,fast,5.142496675049638,4556.095703125,72.59186603617394,72.59186603617394,3711.0176391601562,0.0
Barrow,observation_constrained,7,intermediate,23.74158158255186,4062.43701171875,14.401271687064398,14.401271687064398,1631.774658203125,0.0
Barrow,observation_constrained,7,slow,2118.453894355951,21691.111328125,0.5045746914957623,0.5045746914957623,10.404296875,0.067895717487941
Barrow,observation_constrained,8,fast,5.142496675049638,4556.095703125,72.59186603617394,72.59186603617394,3711.0176391601562,0.0
Barrow,observation_constrained,8,intermediate,23.74158158255186,4062.43701171875,14.401271687064398,14.401271687064398,1631.774658203125,0.0
Barrow,observation_constrained,8,slow,2118.453894355951,21691.111328125,0.5045746914957623,0.5045746914957623,10.404296875,0.067895717487941
Barrow,observation_constrained,9,fast,5.203643286592911,4610.26953125,74.48772707563595,74.48772707563595,3753.0109252929688,0.0
Barrow,observation_constrained,9,intermediate,26.90843277823973,4103.271484375,12.758281774141675,12.758281774141675,1505.34912109375,0.0
Barrow,observation_constrained,9,slow,2154.7717867313836,21480.130859375,0.4912451537476586,0.4912451537476586,7.5,0.06809618646936506
Barrow,observation_constrained,10,fast,5.143511958529441,4556.9951171875,73.55987941987718,73.55987941987718,3711.7160034179688,0.0
Barrow,observation_constrained,10,intermediate,27.15692804385057,4387.98388671875,13.573059196804369,13.573059196804369,1604.0712890625,0.0
Barrow,observation_constrained,10,slow,2161.322631870512,21516.43359375,0.4905839374774719,0.4905839374774719,7.2734375,0.06614381845306906
Barrow,observation_constrained,11,fast,5.148419533522581,4561.34326171875,72.8543530112414,72.8543530112414,3715.0901489257812,0.0
Barrow,observation_constrained,11,intermediate,25.347512111087493,4271.8291015625,14.22543501717851,14.22543501717851,1639.453125,0.0
Barrow,observation_constrained,11,slow,2285.8484900679427,21992.76171875,0.47412707989618313,0.47412707989618313,8.9375,0.06339930415007478
Barrow,CESM,0,fast,0.31352829933166504,277.7765808105469,65.03739149448401,102.58004653301981,229.0892219543457,0.0
Barrow,CESM,0,intermediate,6.664351463317871,1255.72265625,15.864577228147855,31.124300748554706,990.7571411132812,0.0
Barrow,CESM,0,slow,2534.4296875,28512.87109375,0.5543993295926837,1.6475581886260338,102.869140625,0.28803434931064426
Howland Forest,observation_constrained,0,fast,8.726271863849737,5971.73193359375,291.8557754185612,291.8557754185612,4399.4039306640625,0.0
Howland Forest,observation_constrained,0,intermediate,21.463812251152355,1950.2254638671875,37.64145292570943,37.64145292570943,1475.3815307617188,0.0
Howland Forest,observation_constrained,0,slow,315.1985322045035,4859.66162109375,7.693187002336689,7.693187002336689,487.6015625,0.30518984746726896
Howland Forest,observation_constrained,1,fast,8.726271863849737,5971.73193359375,291.8557754185612,291.8557754185612,4399.4039306640625,0.0
Howland Forest,observation_constrained,1,intermediate,21.463812251152355,1950.2254638671875,37.64145292570943,37.64145292570943,1475.3815307617188,0.0
Howland Forest,observation_constrained,1,slow,315.1985322045035,4859.66162109375,7.693187002336689,7.693187002336689,487.6015625,0.30518984746726896
Howland Forest,observation_constrained,2,fast,8.726271863849737,5971.73193359375,291.8557754185612,291.8557754185612,4399.4039306640625,0.0
Howland Forest,observation_constrained,2,intermediate,21.463812251152355,1950.2254638671875,37.64145292570943,37.64145292570943,1475.3815307617188,0.0
Howland Forest,observation_constrained,2,slow,315.1985322045035,4859.66162109375,7.693187002336689,7.693187002336689,487.6015625,0.30518984746726896
Howland Forest,observation_constrained,3,fast,8.729484755418373,5973.9306640625,293.085315819098,293.085315819098,4401.2012939453125,0.0
Howland Forest,observation_constrained,3,intermediate,22.028223550167215,1946.502197265625,36.8107851735858,36.8107851735858,1465.4971923828125,0.0
Howland Forest,observation_constrained,3,slow,334.21963230294807,4874.85498046875,7.27803580993165,7.27803580993165,458.609375,0.2935380661072722
Howland Forest,observation_constrained,4,fast,8.729484755418373,5973.9306640625,293.085315819098,293.085315819098,4401.2012939453125,0.0
Howland Forest,observation_constrained,4,intermediate,22.028223550167215,1946.502197265625,36.8107851735858,36.8107851735858,1465.4971923828125,0.0
Howland Forest,observation_constrained,4,slow,334.21963230294807,4874.85498046875,7.27803580993165,7.27803580993165,458.609375,0.2935380661072722
Howland Forest,observation_constrained,5,fast,8.752266890524055,5989.52099609375,297.3922486949761,297.3922486949761,4413.959716796875,0.0
Howland Forest,observation_constrained,5,intermediate,24.493351515692087,1950.3714599609375,32.86366140949355,32.86366140949355,1436.3798217773438,0.0
Howland Forest,observation_constrained,5,slow,355.203696325894,4888.376953125,6.867072913083579,6.867072913083579,416.29638671875,0.2803916903045119
Howland Forest,observation_constrained,6,fast,8.747744087342015,5986.42626953125,298.86459057313573,298.86459057313573,4411.4310302734375,0.0
Howland Forest,observation_constrained,6,intermediate,25.54638820121473,1957.6292724609375,32.25218415053213,32.25218415053213,1427.75927734375,0.0
Howland Forest,observation_constrained,6,slow,407.28188376572126,4883.19677734375,5.982649755615801,5.982649755615801,359.2265625,0.2526754335067345
Howland Forest,observation_constrained,7,fast,8.747744087342015,5986.42626953125,298.86459057313573,298.86459057313573,4411.4310302734375,0.0
Howland Forest,observation_constrained,7,intermediate,25.54638820121473,1957.6292724609375,32.25218415053213,32.25218415053213,1427.75927734375,0.0
Howland Forest,observation_constrained,7,slow,407.28188376572126,4883.19677734375,5.982649755615801,5.982649755615801,359.2265625,0.2526754335067345
Howland Forest,observation_constrained,8,fast,8.747076712891646,5985.9697265625,300.49736429937343,300.49736429937343,4411.0565185546875,0.0
Howland Forest,observation_constrained,8,intermediate,26.5990237829773,1949.964111328125,30.2269090483421,30.2269090483421,1408.0633544921875,0.0
Howland Forest,observation_constrained,8,slow,383.1032132765068,4876.2685546875,6.351206927717616,6.351206927717616,373.298828125,0.2646612533494753
Howland Forest,observation_constrained,9,fast,8.747076712891646,5985.9697265625,300.49736429937343,300.49736429937343,4411.0565185546875,0.0
Howland Forest,observation_constrained,9,intermediate,26.5990237829773,1949.964111328125,30.2269090483421,30.2269090483421,1408.0633544921875,0.0
Howland Forest,observation_constrained,9,slow,383.1032132765068,4876.2685546875,6.351206927717616,6.351206927717616,373.298828125,0.2646612533494753
Howland Forest,observation_constrained,10,fast,8.747076712891646,5985.9697265625,300.49736429937343,300.49736429937343,4411.0565185546875,0.0
Howland Forest,observation_constrained,10,intermediate,26.5990237829773,1949.964111328125,30.2269090483421,30.2269090483421,1408.0633544921875,0.0
Howland Forest,observation_constrained,10,slow,383.1032132765068,4876.2685546875,6.351206927717616,6.351206927717616,373.298828125,0.2646612533494753
Howland Forest,observation_constrained,11,fast,8.747076712891646,5985.9697265625,300.49736429937343,300.49736429937343,4411.0565185546875,0.0
Howland Forest,observation_constrained,11,intermediate,26.5990237829773,1949.964111328125,30.2269090483421,30.2269090483421,1408.0633544921875,0.0
Howland Forest,observation_constrained,11,slow,383.1032132765068,4876.2685546875,6.351206927717616,6.351206927717616,373.298828125,0.2646612533494753
Howland Forest,CESM,0,fast,0.7577598094940186,518.56494140625,255.97139835784162,336.69702268907815,-32.01800537109375,0.0
Howland Forest,CESM,0,intermediate,22.832839965820312,2000.9952392578125,36.931341051589406,57.299697596680936,1543.0003967285156,0.0
Howland Forest,CESM,0,slow,276.7358093261719,3750.662353515625,6.762807487492313,10.518078559020053,482.492919921875,0.4693345591454764
Eight-mile Lake,observation_constrained,0,fast,23.858996673067935,21521.232421875,232.82021674149112,232.82021674149112,7756.77734375,0.0
Eight-mile Lake,observation_constrained,0,intermediate,42.332503147872785,5514.80322265625,36.40954001058407,36.40954001058407,656.80419921875,0.0
Eight-mile Lake,observation_constrained,0,slow,1127.249305775628,10237.666015625,2.7139497675644044,2.7139497675644044,6.3798828125,0.01641278539536638
Eight-mile Lake,observation_constrained,1,fast,23.858996673067935,21521.232421875,232.82021674149112,232.82021674149112,7756.77734375,0.0
Eight-mile Lake,observation_constrained,1,intermediate,42.332503147872785,5514.80322265625,36.40954001058407,36.40954001058407,656.80419921875,0.0
Eight-mile Lake,observation_constrained,1,slow,1127.249305775628,10237.666015625,2.7139497675644044,2.7139497675644044,6.3798828125,0.01641278539536638
Eight-mile Lake,observation_constrained,2,fast,23.858996673067935,21521.232421875,232.82021674149112,232.82021674149112,7756.77734375,0.0
Eight-mile Lake,observation_constrained,2,intermediate,42.332503147872785,5514.80322265625,36.40954001058407,36.40954001058407,656.80419921875,0.0
Eight-mile Lake,observation_constrained,2,slow,1127.249305775628,10237.666015625,2.7139497675644044,2.7139497675644044,6.3798828125,0.01641278539536638
Eight-mile Lake,observation_constrained,3,fast,23.893425102296717,21552.28515625,229.55036664250673,229.55036664250673,7762.4521484375,0.0
Eight-mile Lake,observation_constrained,3,intermediate,39.49659560772062,5573.63427734375,39.597369449483004,39.597369449483004,699.205078125,0.0
Eight-mile Lake,observation_constrained,3,slow,1130.6903389090232,10531.51171875,2.783350203177954,2.783350203177954,7.58984375,0.016726733964531573
Eight-mile Lake,observation_constrained,4,fast,23.87146896624221,21532.48046875,225.504475756374,225.504475756374,7758.830078125,0.0
Eight-mile Lake,observation_constrained,4,intermediate,36.725314910233585,5674.98046875,43.81160216737075,43.81160216737075,752.13623046875,0.0
Eight-mile Lake,observation_constrained,4,slow,1228.8015081017681,10684.119140625,2.598231272733507,2.598231272733507,7.80078125,0.015515816970746664
Eight-mile Lake,observation_constrained,5,fast,23.87146896624221,21532.48046875,225.504475756374,225.504475756374,7758.830078125,0.0
Eight-mile Lake,observation_constrained,5,intermediate,36.725314910233585,5674.98046875,43.81160216737075,43.81160216737075,752.13623046875,0.0
Eight-mile Lake,observation_constrained,5,slow,1228.8015081017681,10684.119140625,2.598231272733507,2.598231272733507,7.80078125,0.015515816970746664
Eight-mile Lake,observation_constrained,6,fast,23.87146896624221,21532.48046875,225.504475756374,225.504475756374,7758.830078125,0.0
Eight-mile Lake,observation_constrained,6,intermediate,36.725314910233585,5674.98046875,43.81160216737075,43.81160216737075,752.13623046875,0.0
Eight-mile Lake,observation_constrained,6,slow,1228.8015081017681,10684.119140625,2.598231272733507,2.598231272733507,7.80078125,0.015515816970746664
Eight-mile Lake,observation_constrained,7,fast,23.876477925191097,21537.0,224.36744102294995,224.36744102294995,7759.677734375,0.0
Eight-mile Lake,observation_constrained,7,intermediate,36.30243707043833,5746.484375,45.089573574265074,45.089573574265074,768.08349609375,0.0
Eight-mile Lake,observation_constrained,7,slow,1225.8729685268468,10065.12890625,2.453548702617938,2.453548702617938,7.373046875,0.01462199197604613
Eight-mile Lake,observation_constrained,8,fast,23.876477925191097,21537.0,224.36744102294995,224.36744102294995,7759.677734375,0.0
Eight-mile Lake,observation_constrained,8,intermediate,36.30243707043833,5746.484375,45.089573574265074,45.089573574265074,768.08349609375,0.0
Eight-mile Lake,observation_constrained,8,slow,1225.8729685268468,10065.12890625,2.453548702617938,2.453548702617938,7.373046875,0.01462199197604613
Eight-mile Lake,observation_constrained,9,fast,23.876477925191097,21537.0,224.36744102294995,224.36744102294995,7759.677734375,0.0
Eight-mile Lake,observation_constrained,9,intermediate,36.30243707043833,5746.484375,45.089573574265074,45.089573574265074,768.08349609375,0.0
Eight-mile Lake,observation_constrained,9,slow,1225.8729685268468,10065.12890625,2.453548702617938,2.453548702617938,7.373046875,0.01462199197604613
Eight-mile Lake,observation_constrained,10,fast,23.774094716958942,21444.6484375,230.80788571781005,230.80788571781005,7742.6552734375,0.0
Eight-mile Lake,observation_constrained,10,intermediate,42.31595410086531,5794.42236328125,39.04632869333658,39.04632869333658,691.92236328125,0.0
Eight-mile Lake,observation_constrained,10,slow,1490.5682246809306,10380.345703125,2.081041644330146,2.081041644330146,4.2666015625,0.012554707148678554
Eight-mile Lake,observation_constrained,11,fast,23.886430656680364,21545.9765625,228.12246730971614,228.12246730971614,7761.2822265625,0.0
Eight-mile Lake,observation_constrained,11,intermediate,39.67024390681253,5785.86669921875,42.010893566524246,42.010893566524246,723.57177734375,0.0
Eight-mile Lake,observation_constrained,11,slow,1769.8251774200885,10641.5703125,1.796785196950101,1.796785196950101,3.5244140625,0.01077325402337415
Eight-mile Lake,CESM,0,fast,0.32130932807922363,289.8266296386719,181.86842684154084,233.4392221078175,133.8007354736328,0.0
Eight-mile Lake,CESM,0,intermediate,29.23563575744629,3846.822509765625,36.39533921211253,51.68170297361603,1223.0341796875,0.0
Eight-mile Lake,CESM,0,slow,759.3397827148438,7831.55615234375,3.082000520183205,4.395157109907617,51.2529296875,0.10703182526024516
