ecosystem,observation_subset,observation_subset_label,mode,degrees_of_freedom,averaging_kernel_diagonal,posterior_sd,prior_sd,uncertainty_reduction_fraction,information_gain_nats
Harvard Forest,prior_only,Prior,fast,0.3829027242999683,0.3829027242999683,0.3927776965727661,0.5,0.3829027242999683,0.24136430417319216
Harvard Forest,prior_only,Prior,intermediate,0.0,0.0,0.46679868199987146,0.4109589159488678,0.0,-0.12740482862432104
Harvard Forest,prior_only,Prior,slow,0.3679001975269296,0.3679001975269296,0.3975235220943128,0.5,0.3679001975269296,0.22935399099854892
Harvard Forest,stocks_only,Stocks,fast,0.9906024089445464,0.9906024089445464,0.04847058658468453,0.5,0.9906024089445464,2.3336509466227753
Harvard Forest,stocks_only,Stocks,intermediate,0.9270737856350476,0.9270737856350476,0.11097885556304544,0.4109589159488678,0.9270737856350476,1.3091535555610974
Harvard Forest,stocks_only,Stocks,slow,0.9817930280816048,0.9817930280816048,0.06746660640345559,0.5,0.9817930280816048,2.002975342906803
Harvard Forest,soil14c_only,Soil 14C,fast,0.9998034955790366,0.9998034955790366,0.0070090017292652315,0.5,0.9998034955790366,4.2674128141833565
Harvard Forest,soil14c_only,Soil 14C,intermediate,0.9790235419199815,0.9790235419199815,0.05952021432157819,0.4109589159488678,0.9790235419199815,1.9321772569534923
Harvard Forest,soil14c_only,Soil 14C,slow,0.991264231455123,0.991264231455123,0.046732666692788416,0.5,0.991264231455123,2.370164677367837
Harvard Forest,resp14c_only,Respired 14C,fast,0.9999398891848338,0.9999398891848338,0.00387655824044546,0.5,0.9999398891848338,4.85966038988153
Harvard Forest,resp14c_only,Respired 14C,intermediate,0.9730307996081354,0.9730307996081354,0.06748891439059419,0.4109589159488678,0.9730307996081354,1.8065298951642135
Harvard Forest,resp14c_only,Respired 14C,slow,0.893645986339174,0.893645986339174,0.16305981545189638,0.5,0.893645986339174,1.120490998968416
Harvard Forest,stocks_soil14c,Stocks + Soil 14C,fast,0.9994271253858159,0.9994271253858159,0.0119673996150386,0.5,0.9994271253858159,3.732421844304151
Harvard Forest,stocks_soil14c,Stocks + Soil 14C,intermediate,0.9653140088012917,0.9653140088012917,0.07653770962141394,0.4109589159488678,0.9653140088012917,1.6807096926978407
Harvard Forest,stocks_soil14c,Stocks + Soil 14C,slow,0.9536464060410922,0.9536464060410922,0.107649424010196,0.5,0.9536464060410922,1.5357282252048985
Harvard Forest,stocks_resp14c,Stocks + Respired 14C,fast,0.9998626707512365,0.9998626707512365,0.005859378140286704,0.5,0.9998626707512365,4.446564619869332
Harvard Forest,stocks_resp14c,Stocks + Respired 14C,intermediate,0.9824360846855374,0.9824360846855374,0.054463942346428394,0.4109589159488678,0.9824360846855374,2.020954373917397
Harvard Forest,stocks_resp14c,Stocks + Respired 14C,slow,0.9520612225147438,0.9520612225147438,0.10947462889324662,0.5,0.9520612225147438,1.5189152756171904
Harvard Forest,all_observations,All observations,fast,0.9999076402118281,0.9999076402118281,0.004805200000310882,0.5,0.9999076402118281,4.644909433492412
Harvard Forest,all_observations,All observations,intermediate,0.9825451987478644,0.9825451987478644,0.05429450289034237,0.4109589159488678,0.9825451987478644,2.02407026239492
Harvard Forest,all_observations,All observations,slow,0.9789556687595556,0.9789556687595556,0.07253332206724776,0.5,0.9789556687595556,1.9305620274313968
Barrow,prior_only,Prior,fast,0.0,0.0,0.5685382986346553,0.5,0.0,-0.12846058037027155
Barrow,prior_only,Prior,intermediate,0.0,0.0,0.5628629493297437,0.5,0.0,-0.11842807082933672
Barrow,prior_only,Prior,slow,0.2991066157226445,0.2991066157226445,0.4185968777587082,0.5,0.2991066157226445,0.1776997472085149
Barrow,stocks_only,Stocks,fast,0.969424341356009,0.969424341356009,0.08742948393418418,0.5,0.969424341356009,1.7437755278639444
Barrow,stocks_only,Stocks,intermediate,0.9126959000077901,0.9126959000077901,0.14773633607901776,0.5,0.9126959000077901,1.2191789264191717
Barrow,stocks_only,Stocks,slow,0.9221870090501602,0.9221870090501602,0.13947490002670715,0.5,0.9221870090501602,1.2767234414737414
Barrow,soil14c_only,Soil 14C,fast,0.9997343511649476,0.9997343511649476,0.008149368611316777,0.5,0.9997343511649476,4.11666764517453
Barrow,soil14c_only,Soil 14C,intermediate,0.9892524966057231,0.9892524966057231,0.05183508318281376,0.5,0.9892524966057231,2.2665408968868768
Barrow,soil14c_only,Soil 14C,slow,0.902411780757655,0.902411780757655,0.15619556591205222,0.5,0.902411780757655,1.1634992486663165
Barrow,resp14c_only,Respired 14C,fast,0.9931945777144787,0.9931945777144787,0.041247491698045265,0.5,0.9931945777144787,2.4950177948104564
Barrow,resp14c_only,Respired 14C,intermediate,0.9513612711549008,0.9513612711549008,0.11027094908122818,0.5,0.9513612711549008,1.5116675878034693
Barrow,resp14c_only,Respired 14C,slow,0.779853466723897,0.779853466723897,0.23459887748884425,0.5,0.779853466723897,0.756730947001799
Barrow,stocks_soil14c,Stocks + Soil 14C,fast,0.9992762488465319,0.9992762488465319,0.01345131177123707,0.5,0.9992762488465319,3.615531467670027
Barrow,stocks_soil14c,Stocks + Soil 14C,intermediate,0.9880227127555478,0.9880227127555478,0.05472039666443444,0.5,0.9880227127555478,2.2123715761496228
Barrow,stocks_soil14c,Stocks + Soil 14C,slow,0.961186954679974,0.961186954679974,0.09850513352108359,0.5,0.961186954679974,1.6244994346368746
Barrow,stocks_resp14c,Stocks + Respired 14C,fast,0.998220022978165,0.998220022978165,0.021094886950603683,0.5,0.998220022978165,3.165577411921464
Barrow,stocks_resp14c,Stocks + Respired 14C,intermediate,0.9659421151025951,0.9659421151025951,0.09227389243091048,0.5,0.9659421151025951,1.6898468524943342
Barrow,stocks_resp14c,Stocks + Respired 14C,slow,0.9099004361350762,0.9099004361350762,0.1500829469534462,0.5,0.9099004361350762,1.203419977473222
Barrow,all_observations,All observations,fast,0.9998368671651767,0.9998368671651767,0.006386173244269688,0.5,0.9998368671651767,4.360472875736275
Barrow,all_observations,All observations,intermediate,0.9859732900503749,0.9859732900503749,0.05921720600810423,0.5,0.9859732900503749,2.1333959567316567
Barrow,all_observations,All observations,slow,0.9770014400851099,0.9770014400851099,0.0758263804933516,0.5,0.9770014400851099,1.8861618387046535
Howland Forest,prior_only,Prior,fast,0.44001061983310996,0.44001061983310996,0.37416219082334135,0.5,0.44001061983310996,0.2899187297102286
Howland Forest,prior_only,Prior,intermediate,0.2903993147129549,0.2903993147129549,0.42118899715182645,0.5,0.2903993147129549,0.17152644112506757
Howland Forest,prior_only,Prior,slow,0.1460949629217435,0.1460949629217435,0.46203491131035124,0.5,0.1460949629217435,0.07896764458856874
Howland Forest,stocks_only,Stocks,fast,0.9330732183575319,0.9330732183575319,0.12935105492657192,0.5,0.9330732183575319,1.3520780342256373
Howland Forest,stocks_only,Stocks,intermediate,0.9766601639299363,0.9766601639299363,0.07638690344238293,0.5,0.9766601639299363,1.878796837855179
Howland Forest,stocks_only,Stocks,slow,0.9887659363828999,0.9887659363828999,0.05299543286241781,0.5,0.9887659363828999,2.2444023609903363
Howland Forest,soil14c_only,Soil 14C,fast,0.9999978195205759,0.9999978195205759,0.0007383223253019737,0.5,0.9999978195205759,6.5179828930019
Howland Forest,soil14c_only,Soil 14C,intermediate,0.9884051251246015,0.9884051251246015,0.05383975036020878,0.5,0.9884051251246015,2.2285960497939286
Howland Forest,soil14c_only,Soil 14C,slow,0.883709455143923,0.883709455143923,0.17050699755147666,0.5,0.883709455143923,1.0758317611831594
Howland Forest,resp14c_only,Respired 14C,fast,0.99945100499735,0.99945100499735,0.011715321193313697,0.5,0.99945100499735,3.753710609568651
Howland Forest,resp14c_only,Respired 14C,intermediate,0.963482511405578,0.963482511405578,0.0955477480038411,0.5,0.963482511405578,1.6549819967855979
Howland Forest,resp14c_only,Respired 14C,slow,0.7869394696595812,0.7869394696595812,0.23079240148909735,0.5,0.7869394696595812,0.773089486821117
Howland Forest,stocks_soil14c,Stocks + Soil 14C,fast,0.9999916968509308,0.9999916968509308,0.0014407592676388397,0.5,0.9999916968509308,5.849437854598202
Howland Forest,stocks_soil14c,Stocks + Soil 14C,intermediate,0.9863860651923392,0.9863860651923392,0.058339383797870195,0.5,0.9863860651923392,2.1483306962963646
Howland Forest,stocks_soil14c,Stocks + Soil 14C,slow,0.9883019407121442,0.9883019407121442,0.054078783473409844,0.5,0.9883019407121442,2.2241661618848427
Howland Forest,stocks_resp14c,Stocks + Respired 14C,fast,0.9992521826191423,0.9992521826191423,0.01367312492499164,0.5,0.9992521826191423,3.599175876517982
Howland Forest,stocks_resp14c,Stocks + Respired 14C,intermediate,0.9920943491211568,0.9920943491211568,0.044456863583824884,0.5,0.9920943491211568,2.420088737047838
Howland Forest,stocks_resp14c,Stocks + Respired 14C,slow,0.9819403145842783,0.9819403145842783,0.06719316448814129,0.5,0.9819403145842783,2.0070365749932777
Howland Forest,all_observations,All observations,fast,0.9999940279650288,0.9999940279650288,0.0012218873691133413,0.5,0.9999940279650288,6.014211411222324
Howland Forest,all_observations,All observations,intermediate,0.9627593702977668,0.9627593702977668,0.09648915703620956,0.5,0.9627593702977668,1.6451774587094417
Howland Forest,all_observations,All observations,slow,0.9600768004380767,0.9600768004380767,0.09990395332758771,0.5,0.9600768004380767,1.6103988407019427
Eight-mile Lake,prior_only,Prior,fast,0.5198910826925801,0.5198910826925801,0.3461330621771995,0.49954336881637573,0.5198910826925801,0.3668711448817479
Eight-mile Lake,prior_only,Prior,intermediate,0.3423913487996113,0.3423913487996113,0.40546536572202707,0.5,0.3423913487996113,0.20957263980417495
Eight-mile Lake,prior_only,Prior,slow,0.0,0.0,0.5104279409484228,0.5,0.0,-0.02064137534753752
Eight-mile Lake,stocks_only,Stocks,fast,0.9825400235440722,0.9825400235440722,0.06600776458025294,0.49954336881637573,0.9825400235440722,2.0239220385146672
Eight-mile Lake,stocks_only,Stocks,intermediate,0.9189255983370657,0.9189255983370657,0.1423678349056892,0.5,0.9189255983370657,1.256194003429984
Eight-mile Lake,stocks_only,Stocks,slow,0.9840826046243021,0.9840826046243021,0.06308208021240648,0.5,0.9840826046243021,2.070171359502572
Eight-mile Lake,soil14c_only,Soil 14C,fast,0.9997681411211647,0.9997681411211647,0.007606503405633792,0.49954336881637573,0.9997681411211647,4.18469082612906
Eight-mile Lake,soil14c_only,Soil 14C,intermediate,0.9840385810536016,0.9840385810536016,0.06316925467820231,0.5,0.9840385810536016,2.06879039224824
Eight-mile Lake,soil14c_only,Soil 14C,slow,0.8903946199928617,0.8903946199928617,0.16553351624908041,0.5,0.8903946199928617,1.1054344090083053
Eight-mile Lake,resp14c_only,Respired 14C,fast,0.998188845848549,0.998188845848549,0.021259395241781963,0.49954336881637573,0.998188845848549,3.1568954920915706
Eight-mile Lake,resp14c_only,Respired 14C,intermediate,0.7956423562811696,0.7956423562811696,0.22602966825111162,0.5,0.7956423562811696,0.7939418323183768
Eight-mile Lake,resp14c_only,Respired 14C,slow,0.6436906243931189,0.6436906243931189,0.29845827832667043,0.5,0.6436906243931189,0.515977946458357
Eight-mile Lake,stocks_soil14c,Stocks + Soil 14C,fast,0.9999431436358689,0.9999431436358689,0.003766714815215681,0.49954336881637573,0.9999431436358689,4.887491199007683
Eight-mile Lake,stocks_soil14c,Stocks + Soil 14C,intermediate,0.9721174088684454,0.9721174088684454,0.08349040533431747,0.5,0.9721174088684454,1.7898763793434411
Eight-mile Lake,stocks_soil14c,Stocks + Soil 14C,slow,0.8947723942988715,0.8947723942988715,0.1621940240122371,0.5,0.8947723942988715,1.1258148007473727
Eight-mile Lake,stocks_resp14c,Stocks + Respired 14C,fast,0.999788631136854,0.999788631136854,0.007262626401329876,0.49954336881637573,0.999788631136854,4.230952892092063
Eight-mile Lake,stocks_resp14c,Stocks + Respired 14C,intermediate,0.8134563501354243,0.8134563501354243,0.2159534960729831,0.5,0.8134563501354243,0.8395450098759403
Eight-mile Lake,stocks_resp14c,Stocks + Respired 14C,slow,0.9486624322686247,0.9486624322686247,0.11328897533671946,0.5,0.9486624322686247,1.4846662401825215
Eight-mile Lake,all_observations,All observations,fast,0.9999934839963964,0.9999934839963964,0.001275157578150155,0.49954336881637573,0.9999934839963964,5.9706246570971
Eight-mile Lake,all_observations,All observations,intermediate,0.9805800767153707,0.9805800767153707,0.06967769242130016,0.5,0.9805800767153707,1.9707278832274062
Eight-mile Lake,all_observations,All observations,slow,0.9287151891687389,0.9287151891687389,0.13349607749973516,0.5,0.9287151891687389,1.3205360030380033
