site,label,biome_group,forcing_kind,family,n_obs,shapley_dfs,shapley_share,dfs_standalone,dfs_unique_last,dfs_joint_total
Baram Basin,Lambir Hills (MY-LHP),tropical,daily,C_stocks,1,0.47666269376658366,0.41667615498956656,0.504692463640567,0.44619292623489415,1.1439644147107941
Baram Basin,Lambir Hills (MY-LHP),tropical,daily,bulk_14C,1,0.6045868299409085,0.5285014307842384,0.6498562224426859,0.556877439781425,1.1439644147107941
Baram Basin,Lambir Hills (MY-LHP),tropical,daily,fraction_14C,0,0.0,0.0,0.0,0.0,1.1439644147107941
Baram Basin,Lambir Hills (MY-LHP),tropical,daily,resp_14C,2,0.06271489100330192,0.05482241422619504,0.08311016977185595,0.0398796145770417,1.1439644147107941
Baram Basin,Lambir Hills (MY-LHP),tropical,daily,ER_annual,0,0.0,0.0,0.0,0.0,1.1439644147107941
Auchencorth Moss,Auchencorth Moss (UK-AMo),peatland,daily,C_stocks,1,0.24561207019145337,0.21534213333185073,0.33325236155899013,0.18965259266286405,1.1405667176750565
Auchencorth Moss,Auchencorth Moss (UK-AMo),peatland,daily,bulk_14C,1,0.36534906985390564,0.3203224013047103,0.5398327085121607,0.24077735570970005,1.1405667176750565
Auchencorth Moss,Auchencorth Moss (UK-AMo),peatland,daily,fraction_14C,0,0.0,0.0,0.0,0.0,1.1405667176750565
Auchencorth Moss,Auchencorth Moss (UK-AMo),peatland,daily,resp_14C,2,0.3715986855922052,0.3258017964522724,0.6223554765344227,0.187738451375151,1.1405667176750565
Auchencorth Moss,Auchencorth Moss (UK-AMo),peatland,daily,ER_annual,3,0.1580068920374922,0.13853366891116653,0.33322785124371,0.05006631932830152,1.1405667176750565
CZ_1964burn_NSA,1964 burn NSA (CA-NS4),boreal,daily,C_stocks,1,0.5946422392745205,0.47482784209114565,0.6405759694264163,0.5556685528052538,1.2523322909113992
CZ_1964burn_NSA,1964 burn NSA (CA-NS4),boreal,daily,bulk_14C,1,0.5211244781629197,0.41612316630729485,0.5546906055593012,0.49451883043618794,1.2523322909113992
CZ_1964burn_NSA,1964 burn NSA (CA-NS4),boreal,daily,fraction_14C,0,0.0,0.0,0.0,0.0,1.2523322909113992
CZ_1964burn_NSA,1964 burn NSA (CA-NS4),boreal,daily,resp_14C,1,0.13652423934150368,0.10901598587875315,0.1812731015543752,0.09873634138648923,1.2523322909113992
CZ_1964burn_NSA,1964 burn NSA (CA-NS4),boreal,daily,ER_annual,3,4.133413245532821e-05,3.300572280640214e-05,4.649227043780057e-05,3.521254248095573e-05,1.2523322909113992
Appi forest,Appi forest (JP-Api),temperate_forest,daily,C_stocks,1,0.3420161216355322,0.23947382838883863,0.34654855097531817,0.3371573350631034,1.4281983293815035
Appi forest,Appi forest (JP-Api),temperate_forest,daily,bulk_14C,1,0.5641918551662768,0.3950374703285125,0.577288109739642,0.5519917101993402,1.4281983293815035
Appi forest,Appi forest (JP-Api),temperate_forest,daily,fraction_14C,0,0.0,0.0,0.0,0.0,1.4281983293815035
Appi forest,Appi forest (JP-Api),temperate_forest,daily,resp_14C,10,0.4312924144592086,0.3019835589963086,0.4831399186010133,0.37988298101737983,1.4281983293815035
Appi forest,Appi forest (JP-Api),temperate_forest,daily,ER_annual,3,0.09069793812048599,0.06350514228634037,0.13392250492128502,0.04760913128785793,1.4281983293815035
CZ_Old_Black_Spruce,Old Black Spruce (CA-NS1),boreal,daily,C_stocks,1,0.3369720735430536,0.4520704132638487,0.3484517909227589,0.325417314340843,0.7453973178872502
CZ_Old_Black_Spruce,Old Black Spruce (CA-NS1),boreal,daily,bulk_14C,1,0.2882318475379184,0.3866821634868248,0.3118636529712157,0.2648982164659793,0.7453973178872502
CZ_Old_Black_Spruce,Old Black Spruce (CA-NS1),boreal,daily,fraction_14C,0,0.0,0.0,0.0,0.0,0.7453973178872502
CZ_Old_Black_Spruce,Old Black Spruce (CA-NS1),boreal,daily,resp_14C,1,0.0971235900580359,0.13029774554773346,0.1124893455817943,0.08241608625350727,0.7453973178872502
CZ_Old_Black_Spruce,Old Black Spruce (CA-NS1),boreal,daily,ER_annual,2,0.023069806748242303,0.030949677701593063,0.028353026693307137,0.017608125639703154,0.7453973178872502
EML,Eight Mile Lake (US-EML),arctic_permafrost,daily,C_stocks,1,0.6744399812460535,0.274203464096598,0.7669872236216992,0.6001495114819497,2.459633336391614
EML,Eight Mile Lake (US-EML),arctic_permafrost,daily,bulk_14C,1,0.600160446532319,0.244004030053024,0.6620125378840329,0.5547999200649802,2.459633336391614
EML,Eight Mile Lake (US-EML),arctic_permafrost,daily,fraction_14C,0,0.0,0.0,0.0,0.0,2.459633336391614
EML,Eight Mile Lake (US-EML),arctic_permafrost,daily,resp_14C,12,1.1065081291578407,0.4498671053064905,1.2384893710337364,0.9957193956214516,2.459633336391614
EML,Eight Mile Lake (US-EML),arctic_permafrost,daily,ER_annual,13,0.07852477945540037,0.031925400543887386,0.11219668402972534,0.0480361595372365,2.459633336391614
FLONA,Santarém FLONA (BR-Sa3),tropical,daily,C_stocks,1,0.3363545030407914,0.21129549032202624,0.3698948330339248,0.3120878323725358,1.591867874360064
FLONA,Santarém FLONA (BR-Sa3),tropical,daily,bulk_14C,1,0.8611556159803275,0.5409717915982913,0.9461229093297459,0.785461981955787,1.591867874360064
FLONA,Santarém FLONA (BR-Sa3),tropical,daily,fraction_14C,0,0.0,0.0,0.0,0.0,1.591867874360064
FLONA,Santarém FLONA (BR-Sa3),tropical,daily,resp_14C,3,0.39435775533894524,0.24773271807968253,0.47704570145548986,0.3209434685472785,1.591867874360064
FLONA,Santarém FLONA (BR-Sa3),tropical,daily,ER_annual,0,0.0,0.0,0.0,0.0,1.591867874360064
MI-Coarse UMBS,UMBS (US-UMB),temperate_forest,daily,C_stocks,1,0.4603798468204592,0.6380306265143445,0.46280091010776686,0.4579573250946038,0.7215638680788449
MI-Coarse UMBS,UMBS (US-UMB),temperate_forest,daily,bulk_14C,1,0.2590402286263883,0.3589983369262652,0.26146091839809826,0.25661808041613055,0.7215638680788449
MI-Coarse UMBS,UMBS (US-UMB),temperate_forest,daily,fraction_14C,3,0.0021437926319972825,0.0029710365593902375,0.002201102044426579,0.0020850247810201283,0.7215638680788449
MI-Coarse UMBS,UMBS (US-UMB),temperate_forest,daily,resp_14C,0,0.0,0.0,0.0,0.0,0.7215638680788449
MI-Coarse UMBS,UMBS (US-UMB),temperate_forest,daily,ER_annual,0,0.0,0.0,0.0,0.0,0.7215638680788449
Harvard Forest,Harvard Forest (US-Ha1),temperate_forest,daily,C_stocks,1,0.08501808629031676,0.05695851222581191,0.16838079996015093,0.030085890612375543,1.492631794054991
Harvard Forest,Harvard Forest (US-Ha1),temperate_forest,daily,bulk_14C,1,0.38637863566514324,0.2588572997064998,0.5392497882518601,0.2686138113732539,1.492631794054991
Harvard Forest,Harvard Forest (US-Ha1),temperate_forest,daily,fraction_14C,0,0.0,0.0,0.0,0.0,1.492631794054991
Harvard Forest,Harvard Forest (US-Ha1),temperate_forest,daily,resp_14C,33,0.7772702237655956,0.5207380861518482,1.1427069990977554,0.4768209592457566,1.492631794054991
Harvard Forest,Harvard Forest (US-Ha1),temperate_forest,daily,ER_annual,17,0.2439648483339353,0.1634461019158401,0.519846762435891,0.03603057022445255,1.492631794054991
MO Ozark BREA,Missouri Ozark (US-MOz),temperate_forest,daily,C_stocks,1,0.44192893701330194,0.44110842919423193,0.4542232403516002,0.43034785185649116,1.001860104601875
MO Ozark BREA,Missouri Ozark (US-MOz),temperate_forest,daily,bulk_14C,1,0.0244963986313164,0.024450917367401234,0.025372667785034483,0.023704063365237893,1.001860104601875
MO Ozark BREA,Missouri Ozark (US-MOz),temperate_forest,daily,fraction_14C,3,0.11863184255837211,0.11841158462489604,0.17263708431464933,0.06551658273668948,1.001860104601875
MO Ozark BREA,Missouri Ozark (US-MOz),temperate_forest,daily,resp_14C,0,0.0,0.0,0.0,0.0,1.001860104601875
MO Ozark BREA,Missouri Ozark (US-MOz),temperate_forest,daily,ER_annual,3,0.41680292639888455,0.4160290688134709,0.4814760871173032,0.35298100028003265,1.001860104601875
NH Bartlett Forest,Bartlett Forest (US-Bar),temperate_forest,daily,C_stocks,1,0.4944736549596847,0.6391447464442718,0.5273783442466006,0.4606121427003129,0.7736489390088397
NH Bartlett Forest,Bartlett Forest (US-Bar),temperate_forest,daily,bulk_14C,1,0.08867973389308781,0.11462528987204434,0.12012040513439498,0.05618310229110812,0.7736489390088397
NH Bartlett Forest,Bartlett Forest (US-Bar),temperate_forest,daily,fraction_14C,3,0.1329919693627766,0.17190221902606015,0.1471147597118656,0.11896742997768794,0.7736489390088397
NH Bartlett Forest,Bartlett Forest (US-Bar),temperate_forest,daily,resp_14C,0,0.0,0.0,0.0,0.0,0.7736489390088397
NH Bartlett Forest,Bartlett Forest (US-Bar),temperate_forest,daily,ER_annual,14,0.0575035807932907,0.07432774465762393,0.06880298411242677,0.04631272111934692,0.7736489390088397
Howland Forest,Howland Forest (US-Ho1),temperate_forest,daily,C_stocks,1,0.2232719682029778,0.062094833598776066,0.3854416846383452,0.11922212183112713,3.595660947344557
Howland Forest,Howland Forest (US-Ho1),temperate_forest,daily,bulk_14C,5,1.1467582692263412,0.3189283656105666,1.387525757960223,0.964732517815293,3.595660947344557
Howland Forest,Howland Forest (US-Ho1),temperate_forest,daily,fraction_14C,0,0.0,0.0,0.0,0.0,3.595660947344557
Howland Forest,Howland Forest (US-Ho1),temperate_forest,daily,resp_14C,17,0.7683661535758697,0.21369260473330173,1.2085360597001773,0.3927997257329565,3.595660947344557
Howland Forest,Howland Forest (US-Ho1),temperate_forest,daily,ER_annual,20,1.4572645563393687,0.40528419605735566,1.9109546819142995,1.0661766843774911,3.595660947344557
ZF2,Manaus ZF2 (BR-Ma2),tropical,daily,C_stocks,1,0.37727478792437075,0.3100747750092674,0.38583210160176123,0.37015119691055387,1.2167219597695262
ZF2,Manaus ZF2 (BR-Ma2),tropical,daily,bulk_14C,1,0.7014661929331996,0.5765213550235196,0.7232934338706136,0.6810726746593592,1.2167219597695262
ZF2,Manaus ZF2 (BR-Ma2),tropical,daily,fraction_14C,0,0.0,0.0,0.0,0.0,1.2167219597695262
ZF2,Manaus ZF2 (BR-Ma2),tropical,daily,resp_14C,1,0.13798097891195604,0.1134038699672131,0.1611845241326176,0.11621115635486823,1.2167219597695262
ZF2,Manaus ZF2 (BR-Ma2),tropical,daily,ER_annual,0,0.0,0.0,0.0,0.0,1.2167219597695262
Solling,Solling/Reinshof (DE-Rns),temperate_forest,daily,C_stocks,1,0.5962718224428833,0.46016675466672874,0.6367331055676752,0.5588323934192876,1.2957733612779727
Solling,Solling/Reinshof (DE-Rns),temperate_forest,daily,bulk_14C,1,0.5309852553616005,0.4097825061304776,0.5590913099599062,0.5048663944716163,1.2957733612779727
Solling,Solling/Reinshof (DE-Rns),temperate_forest,daily,fraction_14C,0,0.0,0.0,0.0,0.0,1.2957733612779727
Solling,Solling/Reinshof (DE-Rns),temperate_forest,daily,resp_14C,1,0.13240438980818117,0.10218175011531004,0.1709578002684292,0.09814105109116,1.2957733612779727
Solling,Solling/Reinshof (DE-Rns),temperate_forest,daily,ER_annual,2,0.036111893665307815,0.02786898908748364,0.05427980022446863,0.0167262624225768,1.2957733612779727
AZ_Mollisol,AZ Mollisol (FluxCom fallback),grassland_mediterranean,fluxcom,C_stocks,1,0.4560974222969001,0.9990823379536181,0.4561172247024012,0.45607761990185997,0.4565163500248707
AZ_Mollisol,AZ Mollisol (FluxCom fallback),grassland_mediterranean,fluxcom,bulk_14C,0,0.0,0.0,0.0,0.0,0.4565163500248707
AZ_Mollisol,AZ Mollisol (FluxCom fallback),grassland_mediterranean,fluxcom,fraction_14C,3,5.375271728415945e-07,1.1774543733478776e-06,5.437101108194467e-07,5.313546961316362e-07,0.4565163500248707
AZ_Mollisol,AZ Mollisol (FluxCom fallback),grassland_mediterranean,fluxcom,resp_14C,0,0.0,0.0,0.0,0.0,0.4565163500248707
AZ_Mollisol,AZ Mollisol (FluxCom fallback),grassland_mediterranean,fluxcom,ER_annual,1,0.000418390200797889,0.0009164845920087975,0.0004381868432183447,0.000398593568838701,0.4565163500248707
CA_Mollisol,CA Mollisol (FluxCom fallback),grassland_mediterranean,fluxcom,C_stocks,1,0.4544083265867057,0.9993959617247681,0.45442147470552763,0.4543951784701542,0.45468297250519507
CA_Mollisol,CA Mollisol (FluxCom fallback),grassland_mediterranean,fluxcom,bulk_14C,0,0.0,0.0,0.0,0.0,0.45468297250519507
CA_Mollisol,CA Mollisol (FluxCom fallback),grassland_mediterranean,fluxcom,fraction_14C,3,1.7929201237277402e-07,3.943231288933422e-07,1.8114345094349884e-07,1.774428440848297e-07,0.45468297250519507
CA_Mollisol,CA Mollisol (FluxCom fallback),grassland_mediterranean,fluxcom,resp_14C,0,0.0,0.0,0.0,0.0,0.45468297250519507
CA_Mollisol,CA Mollisol (FluxCom fallback),grassland_mediterranean,fluxcom,ER_annual,1,0.0002744666264769251,0.0006036439521028888,0.00028761298617611757,0.0002613202690480154,0.45468297250519507
Luquillo_Experimental_Forest,Luquillo Experimental Forest (FluxCom fallback),tropical,fluxcom,C_stocks,1,0.46509708975765135,0.9964806896322992,0.4651788655883541,0.46501531392694856,0.4667396915932931
Luquillo_Experimental_Forest,Luquillo Experimental Forest (FluxCom fallback),tropical,fluxcom,bulk_14C,0,0.0,0.0,0.0,0.0,0.4667396915932931
Luquillo_Experimental_Forest,Luquillo Experimental Forest (FluxCom fallback),tropical,fluxcom,fraction_14C,1,6.048915034279907e-11,1.2959932791725802e-10,7.156780684732405e-11,4.941047571094259e-11,0.4667396915932931
Luquillo_Experimental_Forest,Luquillo Experimental Forest (FluxCom fallback),tropical,fluxcom,resp_14C,0,0.0,0.0,0.0,0.0,0.4667396915932931
Luquillo_Experimental_Forest,Luquillo Experimental Forest (FluxCom fallback),tropical,fluxcom,ER_annual,1,0.0016426017751526069,0.0035193102381014868,0.0017243775947777726,0.0015608259555274229,0.4667396915932931
HI_Andisol,HI Andisol (FluxCom fallback),tropical,fluxcom,C_stocks,1,0.4637639848629249,0.9998436734973001,0.4637664551651543,0.4637615145615119,0.46383649479998157
HI_Andisol,HI Andisol (FluxCom fallback),tropical,fluxcom,bulk_14C,0,0.0,0.0,0.0,0.0,0.46383649479998157
HI_Andisol,HI Andisol (FluxCom fallback),tropical,fluxcom,fraction_14C,3,2.882801782316896e-07,6.215124973208578e-07,2.920761114846413e-07,2.8448506134148843e-07,0.46383649479998157
HI_Andisol,HI Andisol (FluxCom fallback),tropical,fluxcom,resp_14C,0,0.0,0.0,0.0,0.0,0.46383649479998157
HI_Andisol,HI Andisol (FluxCom fallback),tropical,fluxcom,ER_annual,1,7.222165687843252e-05,0.00015570499020258505,7.468820219023133e-05,6.975511238299648e-05,0.46383649479998157
Adventdalen Valley,Adventdalen (SJ-Adv),arctic_permafrost,daily,C_stocks,1,0.024281628970924122,0.01625574878494515,0.03359239526314,0.016836333268034576,1.4937256531309058
Adventdalen Valley,Adventdalen (SJ-Adv),arctic_permafrost,daily,bulk_14C,1,0.5253160376174034,0.35168174056348367,0.5494016789508375,0.503093875066911,1.4937256531309058
Adventdalen Valley,Adventdalen (SJ-Adv),arctic_permafrost,daily,fraction_14C,0,0.0,0.0,0.0,0.0,1.4937256531309058
Adventdalen Valley,Adventdalen (SJ-Adv),arctic_permafrost,daily,resp_14C,4,0.943290107063326,0.6315015780080862,0.9692716459993871,0.9191726311000652,1.4937256531309058
Adventdalen Valley,Adventdalen (SJ-Adv),arctic_permafrost,daily,ER_annual,2,0.000837879479252137,0.0005609326434850401,0.0008467725636811683,0.000827618597595059,1.4937256531309058
