ecosystem,observation_subset,observation_subset_label,mode,degrees_of_freedom,averaging_kernel_diagonal,posterior_sd,prior_sd,uncertainty_reduction_fraction,information_gain_nats,posterior_log10_sd
Harvard Forest,prior_only,Prior,fast,0.3829027242999683,0.3829027242999683,0.3927776965727661,0.5,0.3829027242999683,0.24136430417319216,-0.40585318109481655
Harvard Forest,prior_only,Prior,intermediate,0.0,0.0,0.46679868199987146,0.4109589159488678,0.0,-0.12740482862432104,-0.3308703788498702
Harvard Forest,prior_only,Prior,slow,0.3679001975269296,0.3679001975269296,0.3975235220943128,0.5,0.3679001975269296,0.22935399099854892,-0.4006371683571391
Harvard Forest,stocks_only,Stocks,fast,0.9906024089445464,0.9906024089445464,0.04847058658468453,0.5,0.9906024089445464,2.3336509466227753,-1.3145217244705525
Harvard Forest,stocks_only,Stocks,intermediate,0.9270737856350476,0.9270737856350476,0.11097885556304544,0.4109589159488678,0.9270737856350476,1.3091535555610974,-0.9547597580334491
Harvard Forest,stocks_only,Stocks,slow,0.9817930280816048,0.9817930280816048,0.06746660640345559,0.5,0.9817930280816048,2.002975342906803,-1.1709111344766794
Harvard Forest,soil14c_only,Soil 14C,fast,0.9998034955790366,0.9998034955790366,0.0070090017292652315,0.5,0.9998034955790366,4.2674128141833565,-2.1543438328670397
Harvard Forest,soil14c_only,Soil 14C,intermediate,0.9790235419199815,0.9790235419199815,0.05952021432157819,0.4109589159488678,0.9790235419199815,1.9321772569534923,-1.2253355136431054
Harvard Forest,soil14c_only,Soil 14C,slow,0.991264231455123,0.991264231455123,0.046732666692788416,0.5,0.991264231455123,2.370164677367837,-1.330379436246834
Harvard Forest,resp14c_only,Respired 14C,fast,0.9999398891848338,0.9999398891848338,0.00387655824044546,0.5,0.9999398891848338,4.85966038988153,-2.411553686913335
Harvard Forest,resp14c_only,Respired 14C,intermediate,0.9730307996081354,0.9730307996081354,0.06748891439059419,0.4109589159488678,0.9730307996081354,1.8065298951642135,-1.1707675577523202
Harvard Forest,resp14c_only,Respired 14C,slow,0.893645986339174,0.893645986339174,0.16305981545189638,0.5,0.893645986339174,1.120490998968416,-0.7876530535382265
Harvard Forest,stocks_soil14c,Stocks + Soil 14C,fast,0.9994271253858159,0.9994271253858159,0.0119673996150386,0.5,0.9994271253858159,3.732421844304151,-1.922000206780432
Harvard Forest,stocks_soil14c,Stocks + Soil 14C,intermediate,0.9653140088012917,0.9653140088012917,0.07653770962141394,0.4109589159488678,0.9653140088012917,1.6807096926978407,-1.1161245381092246
Harvard Forest,stocks_soil14c,Stocks + Soil 14C,slow,0.9536464060410922,0.9536464060410922,0.107649424010196,0.5,0.9536464060410922,1.5357282252048985,-0.9679882895735431
Harvard Forest,stocks_resp14c,Stocks + Respired 14C,fast,0.9998626707512365,0.9998626707512365,0.005859378140286704,0.5,0.9998626707512365,4.446564619869332,-2.2321484734994628
Harvard Forest,stocks_resp14c,Stocks + Respired 14C,intermediate,0.9824360846855374,0.9824360846855374,0.054463942346428394,0.4109589159488678,0.9824360846855374,2.020954373917397,-1.263890925659809
Harvard Forest,stocks_resp14c,Stocks + Respired 14C,slow,0.9520612225147438,0.9520612225147438,0.10947462889324662,0.5,0.9520612225147438,1.5189152756171904,-0.9606865183430838
Harvard Forest,all_observations,All observations,fast,0.9999076402118281,0.9999076402118281,0.004805200000310882,0.5,0.9999076402118281,4.644909433492412,-2.318288531570095
Harvard Forest,all_observations,All observations,intermediate,0.9825451987478644,0.9825451987478644,0.05429450289034237,0.4109589159488678,0.9825451987478644,2.02407026239492,-1.265244138831823
Harvard Forest,all_observations,All observations,slow,0.9789556687595556,0.9789556687595556,0.07253332206724776,0.5,0.9789556687595556,1.9305620274313968,-1.139462431149391
Barrow,prior_only,Prior,fast,0.0,0.0,0.5685382986346553,0.5,0.0,-0.12846058037027155,-0.2452402744670831
Barrow,prior_only,Prior,intermediate,0.0,0.0,0.5628629493297437,0.5,0.0,-0.11842807082933672,-0.2495973380003528
Barrow,prior_only,Prior,slow,0.2991066157226445,0.2991066157226445,0.4185968777587082,0.5,0.2991066157226445,0.1776997472085149,-0.37820401531224196
Barrow,stocks_only,Stocks,fast,0.969424341356009,0.969424341356009,0.08742948393418418,0.5,0.969424341356009,1.7437755278639444,-1.0583420850932224
Barrow,stocks_only,Stocks,intermediate,0.9126959000077901,0.9126959000077901,0.14773633607901776,0.5,0.9126959000077901,1.2191789264191717,-0.8305126758605581
Barrow,stocks_only,Stocks,slow,0.9221870090501602,0.9221870090501602,0.13947490002670715,0.5,0.9221870090501602,1.2767234414737414,-0.8555039412125564
Barrow,soil14c_only,Soil 14C,fast,0.9997343511649476,0.9997343511649476,0.008149368611316777,0.5,0.9997343511649476,4.11666764517453,-2.0888760377929336
Barrow,soil14c_only,Soil 14C,intermediate,0.9892524966057231,0.9892524966057231,0.05183508318281376,0.5,0.9892524966057231,2.2665408968868768,-1.285376200189999
Barrow,soil14c_only,Soil 14C,slow,0.902411780757655,0.902411780757655,0.15619556591205222,0.5,0.902411780757655,1.1634992486663165,-0.8063312990583419
Barrow,resp14c_only,Respired 14C,fast,0.9931945777144787,0.9931945777144787,0.041247491698045265,0.5,0.9931945777144787,2.4950177948104564,-1.3846024562005823
Barrow,resp14c_only,Respired 14C,intermediate,0.9513612711549008,0.9513612711549008,0.11027094908122818,0.5,0.9513612711549008,1.5116675878034693,-0.9575388875190273
Barrow,resp14c_only,Respired 14C,slow,0.779853466723897,0.779853466723897,0.23459887748884425,0.5,0.779853466723897,0.756730947001799,-0.6296740702322846
Barrow,stocks_soil14c,Stocks + Soil 14C,fast,0.9992762488465319,0.9992762488465319,0.01345131177123707,0.5,0.9992762488465319,3.615531467670027,-1.8712353612206394
Barrow,stocks_soil14c,Stocks + Soil 14C,intermediate,0.9880227127555478,0.9880227127555478,0.05472039666443444,0.5,0.9880227127555478,2.2123715761496228,-1.2618507631053624
Barrow,stocks_soil14c,Stocks + Soil 14C,slow,0.961186954679974,0.961186954679974,0.09850513352108359,0.5,0.961186954679974,1.6244994346368746,-1.0065411359817282
Barrow,stocks_resp14c,Stocks + Respired 14C,fast,0.998220022978165,0.998220022978165,0.021094886950603683,0.5,0.998220022978165,3.165577411921464,-1.67582279769905
Barrow,stocks_resp14c,Stocks + Respired 14C,intermediate,0.9659421151025951,0.9659421151025951,0.09227389243091048,0.5,0.9659421151025951,1.6898468524943342,-1.034921158963849
Barrow,stocks_resp14c,Stocks + Respired 14C,slow,0.9099004361350762,0.9099004361350762,0.1500829469534462,0.5,0.9099004361350762,1.203419977473222,-0.8236686512927371
Barrow,all_observations,All observations,fast,0.9998368671651767,0.9998368671651767,0.006386173244269688,0.5,0.9998368671651767,4.360472875736275,-2.1947593040850495
Barrow,all_observations,All observations,intermediate,0.9859732900503749,0.9859732900503749,0.05921720600810423,0.5,0.9859732900503749,2.1333959567316567,-1.2275520873872483
Barrow,all_observations,All observations,slow,0.9770014400851099,0.9770014400851099,0.0758263804933516,0.5,0.9770014400851099,1.8861618387046535,-1.1201796741899035
Howland Forest,prior_only,Prior,fast,0.44001061983310996,0.44001061983310996,0.37416219082334135,0.5,0.44001061983310996,0.2899187297102286,-0.4269401001775338
Howland Forest,prior_only,Prior,intermediate,0.2903993147129549,0.2903993147129549,0.42118899715182645,0.5,0.2903993147129549,0.17152644112506757,-0.375522982545101
Howland Forest,prior_only,Prior,slow,0.1460949629217435,0.1460949629217435,0.46203491131035124,0.5,0.1460949629217435,0.07896764458856874,-0.33532520795769377
Howland Forest,stocks_only,Stocks,fast,0.9330732183575319,0.9330732183575319,0.12935105492657192,0.5,0.9330732183575319,1.3520780342256373,-0.8882300250307716
Howland Forest,stocks_only,Stocks,intermediate,0.9766601639299363,0.9766601639299363,0.07638690344238293,0.5,0.9766601639299363,1.878796837855179,-1.116981094961764
Howland Forest,stocks_only,Stocks,slow,0.9887659363828999,0.9887659363828999,0.05299543286241781,0.5,0.9887659363828999,2.2444023609903363,-1.2757615562127145
Howland Forest,soil14c_only,Soil 14C,fast,0.9999978195205759,0.9999978195205759,0.0007383223253019737,0.5,0.9999978195205759,6.5179828930019,-3.1317539992345
Howland Forest,soil14c_only,Soil 14C,intermediate,0.9884051251246015,0.9884051251246015,0.05383975036020878,0.5,0.9884051251246015,2.2285960497939286,-1.268896962480869
Howland Forest,soil14c_only,Soil 14C,slow,0.883709455143923,0.883709455143923,0.17050699755147666,0.5,0.883709455143923,1.0758317611831594,-0.7682577930020843
Howland Forest,resp14c_only,Respired 14C,fast,0.99945100499735,0.99945100499735,0.011715321193313697,0.5,0.99945100499735,3.753710609568651,-1.931245800061338
Howland Forest,resp14c_only,Respired 14C,intermediate,0.963482511405578,0.963482511405578,0.0955477480038411,0.5,0.963482511405578,1.6549819967855979,-1.0197795445171915
Howland Forest,resp14c_only,Respired 14C,slow,0.7869394696595812,0.7869394696595812,0.23079240148909735,0.5,0.7869394696595812,0.773089486821117,-0.636778493807809
Howland Forest,stocks_soil14c,Stocks + Soil 14C,fast,0.9999916968509308,0.9999916968509308,0.0014407592676388397,0.5,0.9999916968509308,5.849437854598202,-2.841408578151976
Howland Forest,stocks_soil14c,Stocks + Soil 14C,intermediate,0.9863860651923392,0.9863860651923392,0.058339383797870195,0.5,0.9863860651923392,2.1483306962963646,-1.2340381623688632
Howland Forest,stocks_soil14c,Stocks + Soil 14C,slow,0.9883019407121442,0.9883019407121442,0.054078783473409844,0.5,0.9883019407121442,2.2241661618848427,-1.2669730866065032
Howland Forest,stocks_resp14c,Stocks + Respired 14C,fast,0.9992521826191423,0.9992521826191423,0.01367312492499164,0.5,0.9992521826191423,3.599175876517982,-1.8641322182350404
Howland Forest,stocks_resp14c,Stocks + Respired 14C,intermediate,0.9920943491211568,0.9920943491211568,0.044456863583824884,0.5,0.9920943491211568,2.420088737047838,-1.352061179880067
Howland Forest,stocks_resp14c,Stocks + Respired 14C,slow,0.9819403145842783,0.9819403145842783,0.06719316448814129,0.5,0.9819403145842783,2.0070365749932777,-1.1726749051615637
Howland Forest,all_observations,All observations,fast,0.9999940279650288,0.9999940279650288,0.0012218873691133413,0.5,0.9999940279650288,6.014211411222324,-2.9129688245574052
Howland Forest,all_observations,All observations,intermediate,0.9627593702977668,0.9627593702977668,0.09648915703620956,0.5,0.9627593702977668,1.6451774587094417,-1.0155214877331067
Howland Forest,all_observations,All observations,slow,0.9600768004380767,0.9600768004380767,0.09990395332758771,0.5,0.9600768004380767,1.6103988407019427,-1.0004173258442288
Eight-mile Lake,prior_only,Prior,fast,0.5198910826925801,0.5198910826925801,0.3461330621771995,0.49954336881637573,0.5198910826925801,0.3668711448817479,-0.4607569154838772
Eight-mile Lake,prior_only,Prior,intermediate,0.3423913487996113,0.3423913487996113,0.40546536572202707,0.5,0.3423913487996113,0.20957263980417495,-0.3920462366888322
Eight-mile Lake,prior_only,Prior,slow,0.0,0.0,0.5104279409484228,0.5,0.0,-0.02064137534753752,-0.2920655602516518
Eight-mile Lake,stocks_only,Stocks,fast,0.9825400235440722,0.9825400235440722,0.06600776458025294,0.49954336881637573,0.9825400235440722,2.0239220385146672,-1.1804049748215064
Eight-mile Lake,stocks_only,Stocks,intermediate,0.9189255983370657,0.9189255983370657,0.1423678349056892,0.5,0.9189255983370657,1.256194003429984,-0.8465881195535779
Eight-mile Lake,stocks_only,Stocks,slow,0.9840826046243021,0.9840826046243021,0.06308208021240648,0.5,0.9840826046243021,2.070171359502572,-1.2000939936901012
Eight-mile Lake,soil14c_only,Soil 14C,fast,0.9997681411211647,0.9997681411211647,0.007606503405633792,0.49954336881637573,0.9997681411211647,4.18469082612906,-2.118814935951217
Eight-mile Lake,soil14c_only,Soil 14C,intermediate,0.9840385810536016,0.9840385810536016,0.06316925467820231,0.5,0.9840385810536016,2.06879039224824,-1.1994942472318557
Eight-mile Lake,soil14c_only,Soil 14C,slow,0.8903946199928617,0.8903946199928617,0.16553351624908041,0.5,0.8903946199928617,1.1054344090083053,-0.7811140596022704
Eight-mile Lake,resp14c_only,Respired 14C,fast,0.998188845848549,0.998188845848549,0.021259395241781963,0.49954336881637573,0.998188845848549,3.1568954920915706,-1.6724490938528256
Eight-mile Lake,resp14c_only,Respired 14C,intermediate,0.7956423562811696,0.7956423562811696,0.22602966825111162,0.5,0.7956423562811696,0.7939418323183768,-0.6458345523920092
Eight-mile Lake,resp14c_only,Respired 14C,slow,0.6436906243931189,0.6436906243931189,0.29845827832667043,0.5,0.6436906243931189,0.515977946458357,-0.5251163705946171
Eight-mile Lake,stocks_soil14c,Stocks + Soil 14C,fast,0.9999431436358689,0.9999431436358689,0.003766714815215681,0.49954336881637573,0.9999431436358689,4.887491199007683,-2.4240372597719504
Eight-mile Lake,stocks_soil14c,Stocks + Soil 14C,intermediate,0.9721174088684454,0.9721174088684454,0.08349040533431747,0.5,0.9721174088684454,1.7898763793434411,-1.078363430501809
Eight-mile Lake,stocks_soil14c,Stocks + Soil 14C,slow,0.8947723942988715,0.8947723942988715,0.1621940240122371,0.5,0.8947723942988715,1.1258148007473727,-0.7899651512735741
Eight-mile Lake,stocks_resp14c,Stocks + Respired 14C,fast,0.999788631136854,0.999788631136854,0.007262626401329876,0.49954336881637573,0.999788631136854,4.230952892092063,-2.138906295920393
Eight-mile Lake,stocks_resp14c,Stocks + Respired 14C,intermediate,0.8134563501354243,0.8134563501354243,0.2159534960729831,0.5,0.8134563501354243,0.8395450098759403,-0.6656397607625131
Eight-mile Lake,stocks_resp14c,Stocks + Respired 14C,slow,0.9486624322686247,0.9486624322686247,0.11328897533671946,0.5,0.9486624322686247,1.4846662401825215,-0.9458123512432982
Eight-mile Lake,all_observations,All observations,fast,0.9999934839963964,0.9999934839963964,0.001275157578150155,0.49954336881637573,0.9999934839963964,5.9706246570971,-2.8944361437849717
Eight-mile Lake,all_observations,All observations,intermediate,0.9805800767153707,0.9805800767153707,0.06967769242130016,0.5,0.9805800767153707,1.9707278832274062,-1.1569062406825197
Eight-mile Lake,all_observations,All observations,slow,0.9287151891687389,0.9287151891687389,0.13349607749973516,0.5,0.9287151891687389,1.3205360030380033,-0.8745314949379619
