site_id,site_label,subset_key,subset_label,sample_idx,frac_loss,abs_loss,old_fraction
US-Ha1,Harvard Forest,prior_only,Prior,0,0.1992119965665793,1247.007568359375,0.7768643219339534
US-Ha1,Harvard Forest,prior_only,Prior,1,0.2058844742358592,557.1885681152344,0.8170084339708542
US-Ha1,Harvard Forest,prior_only,Prior,2,0.22906328092503403,913.576904296875,0.5857788816794229
US-Ha1,Harvard Forest,prior_only,Prior,3,0.19752406602570968,920.0250244140625,0.6059757227614417
US-Ha1,Harvard Forest,prior_only,Prior,4,0.21509130249951294,1761.547119140625,0.7842086514810085
US-Ha1,Harvard Forest,prior_only,Prior,5,0.22426954911373972,1122.3915557861328,0.7267032596954446
US-Ha1,Harvard Forest,prior_only,Prior,6,0.20111287373626605,1392.4092407226562,0.8200465930675277
US-Ha1,Harvard Forest,prior_only,Prior,7,0.1903411828071666,1655.5416259765625,0.8971686398830099
US-Ha1,Harvard Forest,prior_only,Prior,8,0.18461485855939855,1417.9885864257812,0.8309736895640688
US-Ha1,Harvard Forest,prior_only,Prior,9,0.20358656970054131,880.5250854492188,0.5870457625838684
US-Ha1,Harvard Forest,prior_only,Prior,10,0.2003699225058866,1419.2095947265625,0.9207272125287352
US-Ha1,Harvard Forest,prior_only,Prior,11,0.2103310621474043,803.4923095703125,0.7423912534197094
US-Ha1,Harvard Forest,stocks_only,Stocks,0,0.18133333913687458,1556.1619873046875,0.8410991762434726
US-Ha1,Harvard Forest,stocks_only,Stocks,1,0.18819699243413598,1530.3488159179688,0.845814176954423
US-Ha1,Harvard Forest,stocks_only,Stocks,2,0.18819699243413598,1530.3488159179688,0.845814176954423
US-Ha1,Harvard Forest,stocks_only,Stocks,3,0.19235365336026877,1572.3373413085938,0.8541116417979413
US-Ha1,Harvard Forest,stocks_only,Stocks,4,0.19235365336026877,1572.3373413085938,0.8541116417979413
US-Ha1,Harvard Forest,stocks_only,Stocks,5,0.18930590749734721,1408.9805297851562,0.8609596913698387
US-Ha1,Harvard Forest,stocks_only,Stocks,6,0.1934548751435414,1528.8627319335938,0.86835621389682
US-Ha1,Harvard Forest,stocks_only,Stocks,7,0.1934548751435414,1528.8627319335938,0.86835621389682
US-Ha1,Harvard Forest,stocks_only,Stocks,8,0.19769093040164365,1696.0,0.8851491248976148
US-Ha1,Harvard Forest,stocks_only,Stocks,9,0.19815608160092665,1632.8949584960938,0.8797707807872788
US-Ha1,Harvard Forest,stocks_only,Stocks,10,0.1971262409600374,1640.637451171875,0.8780823639093783
US-Ha1,Harvard Forest,stocks_only,Stocks,11,0.1910751136783954,1606.7691040039062,0.880071338724837
US-Ha1,Harvard Forest,soil14c_only,Pool 14C,0,0.17283835466564965,1936.5245361328125,0.888237200575019
US-Ha1,Harvard Forest,soil14c_only,Pool 14C,1,0.17283835466564965,1936.5245361328125,0.888237200575019
US-Ha1,Harvard Forest,soil14c_only,Pool 14C,2,0.17752993096617997,1978.779296875,0.8953302242444213
US-Ha1,Harvard Forest,soil14c_only,Pool 14C,3,0.1765169587072374,1970.1793823242188,0.8956297803690965
US-Ha1,Harvard Forest,soil14c_only,Pool 14C,4,0.17498976924435172,1952.3147583007812,0.8884706888555425
US-Ha1,Harvard Forest,soil14c_only,Pool 14C,5,0.1727461805820607,1927.9201049804688,0.8870527656678416
US-Ha1,Harvard Forest,soil14c_only,Pool 14C,6,0.1727461805820607,1927.9201049804688,0.8870527656678416
US-Ha1,Harvard Forest,soil14c_only,Pool 14C,7,0.17391563815056216,1923.6890258789062,0.888790947214539
US-Ha1,Harvard Forest,soil14c_only,Pool 14C,8,0.17766177809612935,1951.390625,0.8884234047088796
US-Ha1,Harvard Forest,soil14c_only,Pool 14C,9,0.17782058609809426,1944.7138061523438,0.8888474812343322
US-Ha1,Harvard Forest,soil14c_only,Pool 14C,10,0.17705751877678225,1930.2044067382812,0.896800837100179
US-Ha1,Harvard Forest,soil14c_only,Pool 14C,11,0.17705751877678225,1930.2044067382812,0.896800837100179
US-Ha1,Harvard Forest,resp14c_only,Resp 14C,0,0.19907564773434688,1527.3047485351562,0.8689765063617464
US-Ha1,Harvard Forest,resp14c_only,Resp 14C,1,0.19907564773434688,1527.3047485351562,0.8689765063617464
US-Ha1,Harvard Forest,resp14c_only,Resp 14C,2,0.20007441525108474,1481.0718383789062,0.8630467706214628
US-Ha1,Harvard Forest,resp14c_only,Resp 14C,3,0.20007441525108474,1481.0718383789062,0.8630467706214628
US-Ha1,Harvard Forest,resp14c_only,Resp 14C,4,0.20007441525108474,1481.0718383789062,0.8630467706214628
US-Ha1,Harvard Forest,resp14c_only,Resp 14C,5,0.20007441525108474,1481.0718383789062,0.8630467706214628
US-Ha1,Harvard Forest,resp14c_only,Resp 14C,6,0.2003603550428252,1500.8488159179688,0.862917371126
US-Ha1,Harvard Forest,resp14c_only,Resp 14C,7,0.20674262691292047,1553.48095703125,0.8727414469073367
US-Ha1,Harvard Forest,resp14c_only,Resp 14C,8,0.20674262691292047,1553.48095703125,0.8727414469073367
US-Ha1,Harvard Forest,resp14c_only,Resp 14C,9,0.20303484272838718,1546.5798950195312,0.8642890894336832
US-Ha1,Harvard Forest,resp14c_only,Resp 14C,10,0.20303484272838718,1546.5798950195312,0.8642890894336832
US-Ha1,Harvard Forest,resp14c_only,Resp 14C,11,0.2017415961716092,1553.9405517578125,0.8607728644549498
US-Ha1,Harvard Forest,stocks_soil14c,"Stocks+
Pool 14C",0,0.14505184230456597,1567.2719116210938,0.8304942724207642
US-Ha1,Harvard Forest,stocks_soil14c,"Stocks+
Pool 14C",1,0.14517543565465524,1561.4833984375,0.8280360056935776
US-Ha1,Harvard Forest,stocks_soil14c,"Stocks+
Pool 14C",2,0.14517543565465524,1561.4833984375,0.8280360056935776
US-Ha1,Harvard Forest,stocks_soil14c,"Stocks+
Pool 14C",3,0.1480044426655294,1612.16650390625,0.8348751026866147
US-Ha1,Harvard Forest,stocks_soil14c,"Stocks+
Pool 14C",4,0.1458151435516895,1599.3868408203125,0.8323847225525761
US-Ha1,Harvard Forest,stocks_soil14c,"Stocks+
Pool 14C",5,0.15113647949116615,1660.1272583007812,0.8390291367850972
US-Ha1,Harvard Forest,stocks_soil14c,"Stocks+
Pool 14C",6,0.15113647949116615,1660.1272583007812,0.8390291367850972
US-Ha1,Harvard Forest,stocks_soil14c,"Stocks+
Pool 14C",7,0.15227096175796423,1672.6502685546875,0.8430481889644597
US-Ha1,Harvard Forest,stocks_soil14c,"Stocks+
Pool 14C",8,0.15227096175796423,1672.6502685546875,0.8430481889644597
US-Ha1,Harvard Forest,stocks_soil14c,"Stocks+
Pool 14C",9,0.15004327323842187,1646.9468383789062,0.8406478522862749
US-Ha1,Harvard Forest,stocks_soil14c,"Stocks+
Pool 14C",10,0.1530863816855993,1693.9055786132812,0.8532348079158698
US-Ha1,Harvard Forest,stocks_soil14c,"Stocks+
Pool 14C",11,0.15602944640373667,1729.0621948242188,0.8550483587763565
US-Ha1,Harvard Forest,stocks_resp14c,"Stocks+
Resp 14C",0,0.16242951709801048,1559.8646240234375,0.8700149958624765
US-Ha1,Harvard Forest,stocks_resp14c,"Stocks+
Resp 14C",1,0.15846679608679468,1493.8470458984375,0.8551175645602211
US-Ha1,Harvard Forest,stocks_resp14c,"Stocks+
Resp 14C",2,0.15846679608679468,1493.8470458984375,0.8551175645602211
US-Ha1,Harvard Forest,stocks_resp14c,"Stocks+
Resp 14C",3,0.1592638713573701,1509.3126220703125,0.860262250693192
US-Ha1,Harvard Forest,stocks_resp14c,"Stocks+
Resp 14C",4,0.1592638713573701,1509.3126220703125,0.860262250693192
US-Ha1,Harvard Forest,stocks_resp14c,"Stocks+
Resp 14C",5,0.14941050246238607,1452.90673828125,0.8474737050835687
US-Ha1,Harvard Forest,stocks_resp14c,"Stocks+
Resp 14C",6,0.1520389203167216,1439.6055908203125,0.8430667867339715
US-Ha1,Harvard Forest,stocks_resp14c,"Stocks+
Resp 14C",7,0.1520389203167216,1439.6055908203125,0.8430667867339715
US-Ha1,Harvard Forest,stocks_resp14c,"Stocks+
Resp 14C",8,0.1539132235320381,1470.4888916015625,0.8515549672484996
US-Ha1,Harvard Forest,stocks_resp14c,"Stocks+
Resp 14C",9,0.1539132235320381,1470.4888916015625,0.8515549672484996
US-Ha1,Harvard Forest,stocks_resp14c,"Stocks+
Resp 14C",10,0.16989167479457398,1506.1563720703125,0.8583167995679493
US-Ha1,Harvard Forest,stocks_resp14c,"Stocks+
Resp 14C",11,0.16877938437433526,1489.1839599609375,0.8527316630775027
US-Ha1,Harvard Forest,all_observations,All,0,0.13447120510122704,1406.341064453125,0.8385140405754717
US-Ha1,Harvard Forest,all_observations,All,1,0.13447120510122704,1406.341064453125,0.8385140405754717
US-Ha1,Harvard Forest,all_observations,All,2,0.13126038844304233,1363.0264282226562,0.8250525263484327
US-Ha1,Harvard Forest,all_observations,All,3,0.13126038844304233,1363.0264282226562,0.8250525263484327
US-Ha1,Harvard Forest,all_observations,All,4,0.13116088588081876,1368.9904174804688,0.8276372361485101
US-Ha1,Harvard Forest,all_observations,All,5,0.13116088588081876,1368.9904174804688,0.8276372361485101
US-Ha1,Harvard Forest,all_observations,All,6,0.13290319999786462,1385.7808227539062,0.8303521537031038
US-Ha1,Harvard Forest,all_observations,All,7,0.13718204143473564,1423.3125610351562,0.8373851836721709
US-Ha1,Harvard Forest,all_observations,All,8,0.13473147760380352,1401.109130859375,0.8351403001952992
US-Ha1,Harvard Forest,all_observations,All,9,0.1322479056927376,1375.9484252929688,0.82821902760544
US-Ha1,Harvard Forest,all_observations,All,10,0.13184427308884503,1375.146728515625,0.8287434150846104
US-Ha1,Harvard Forest,all_observations,All,11,0.13264832795777298,1388.1509399414062,0.8327980628724106
US-A10,Barrow,prior_only,Prior,0,0.03125379522331087,846.5488891601562,0.8265869466527027
US-A10,Barrow,prior_only,Prior,1,0.04712234849209772,2118.99658203125,0.9410878264147717
US-A10,Barrow,prior_only,Prior,2,0.11016660205082128,1428.7673645019531,0.8984496058329072
US-A10,Barrow,prior_only,Prior,3,0.09948865649196881,954.7814025878906,0.8964737638343913
US-A10,Barrow,prior_only,Prior,4,0.037990792904573134,1510.2665405273438,0.8808074104560704
US-A10,Barrow,prior_only,Prior,5,0.07306782518066139,1627.9579772949219,0.9356229897639152
US-A10,Barrow,prior_only,Prior,6,0.057491240026127925,715.6591949462891,0.8716152695430244
US-A10,Barrow,prior_only,Prior,7,0.060944918369691764,1559.3144073486328,0.9588988399680034
US-A10,Barrow,prior_only,Prior,8,0.06472887323748615,2225.2235717773438,0.962551249813364
US-A10,Barrow,prior_only,Prior,9,0.07313318107576866,701.5339050292969,0.7966904804548918
US-A10,Barrow,prior_only,Prior,10,0.061261452114441554,1098.7837524414062,0.9133249193504169
US-A10,Barrow,prior_only,Prior,11,0.060715152550750204,1392.7463073730469,0.9093729207413744
US-A10,Barrow,stocks_only,Stocks,0,0.05378879434008664,2412.8780517578125,0.9296519466387835
US-A10,Barrow,stocks_only,Stocks,1,0.05440468536962866,2082.659637451172,0.9346162531785261
US-A10,Barrow,stocks_only,Stocks,2,0.05646204840103574,2169.938995361328,0.9304158631150194
US-A10,Barrow,stocks_only,Stocks,3,0.05646204840103574,2169.938995361328,0.9304158631150194
US-A10,Barrow,stocks_only,Stocks,4,0.05646204840103574,2169.938995361328,0.9304158631150194
US-A10,Barrow,stocks_only,Stocks,5,0.05646204840103574,2169.938995361328,0.9304158631150194
US-A10,Barrow,stocks_only,Stocks,6,0.05644915565068033,2200.5044860839844,0.9388600926606049
US-A10,Barrow,stocks_only,Stocks,7,0.05644915565068033,2200.5044860839844,0.9388600926606049
US-A10,Barrow,stocks_only,Stocks,8,0.05967182658110588,2114.5387573242188,0.9333362834336648
US-A10,Barrow,stocks_only,Stocks,9,0.05967182658110588,2114.5387573242188,0.9333362834336648
US-A10,Barrow,stocks_only,Stocks,10,0.06046689171613667,2206.0403747558594,0.9424146976073466
US-A10,Barrow,stocks_only,Stocks,11,0.055394016469619424,1810.1134948730469,0.9301215271224059
US-A10,Barrow,soil14c_only,Pool 14C,0,0.050121704079032194,1654.1673583984375,0.7316199169682733
US-A10,Barrow,soil14c_only,Pool 14C,1,0.050121704079032194,1654.1673583984375,0.7316199169682733
US-A10,Barrow,soil14c_only,Pool 14C,2,0.050121704079032194,1654.1673583984375,0.7316199169682733
US-A10,Barrow,soil14c_only,Pool 14C,3,0.050121704079032194,1654.1673583984375,0.7316199169682733
US-A10,Barrow,soil14c_only,Pool 14C,4,0.050121704079032194,1654.1673583984375,0.7316199169682733
US-A10,Barrow,soil14c_only,Pool 14C,5,0.050121704079032194,1654.1673583984375,0.7316199169682733
US-A10,Barrow,soil14c_only,Pool 14C,6,0.050404611681585255,1670.3397216796875,0.7385492034350638
US-A10,Barrow,soil14c_only,Pool 14C,7,0.050404611681585255,1670.3397216796875,0.7385492034350638
US-A10,Barrow,soil14c_only,Pool 14C,8,0.05015201466171236,1664.9423217773438,0.7433479092664862
US-A10,Barrow,soil14c_only,Pool 14C,9,0.05098348647486882,1680.7047119140625,0.7576012612659557
US-A10,Barrow,soil14c_only,Pool 14C,10,0.05088301990161392,1696.45166015625,0.7556591255179408
US-A10,Barrow,soil14c_only,Pool 14C,11,0.05088301990161392,1696.45166015625,0.7556591255179408
US-A10,Barrow,resp14c_only,Resp 14C,0,0.08037116160204245,1924.3582153320312,0.8668983496382697
US-A10,Barrow,resp14c_only,Resp 14C,1,0.08037116160204245,1924.3582153320312,0.8668983496382697
US-A10,Barrow,resp14c_only,Resp 14C,2,0.07372244917066334,1920.1109619140625,0.8638279156186413
US-A10,Barrow,resp14c_only,Resp 14C,3,0.07566386057985793,1769.255126953125,0.8377073885865645
US-A10,Barrow,resp14c_only,Resp 14C,4,0.0727589687054856,1575.718994140625,0.7960448268897984
US-A10,Barrow,resp14c_only,Resp 14C,5,0.07222286603124739,1525.3502807617188,0.7802757523754753
US-A10,Barrow,resp14c_only,Resp 14C,6,0.07807232251248017,1532.8854370117188,0.7805454288522317
US-A10,Barrow,resp14c_only,Resp 14C,7,0.08646565381917436,1560.69287109375,0.7889804302240337
US-A10,Barrow,resp14c_only,Resp 14C,8,0.08646565381917436,1560.69287109375,0.7889804302240337
US-A10,Barrow,resp14c_only,Resp 14C,9,0.08503695572820949,1558.10986328125,0.7898599194008473
US-A10,Barrow,resp14c_only,Resp 14C,10,0.08503695572820949,1558.10986328125,0.7898599194008473
US-A10,Barrow,resp14c_only,Resp 14C,11,0.09183758475876563,1418.112060546875,0.7460326329919655
US-A10,Barrow,stocks_soil14c,"Stocks+
Pool 14C",0,0.04554024108970607,1474.6519775390625,0.6353558453032573
US-A10,Barrow,stocks_soil14c,"Stocks+
Pool 14C",1,0.04565218779734676,1479.8427734375,0.6368274528839308
US-A10,Barrow,stocks_soil14c,"Stocks+
Pool 14C",2,0.04441085127657304,1445.8055419921875,0.6269206731277237
US-A10,Barrow,stocks_soil14c,"Stocks+
Pool 14C",3,0.043911212282128874,1411.12353515625,0.6083509508876329
US-A10,Barrow,stocks_soil14c,"Stocks+
Pool 14C",4,0.043911212282128874,1411.12353515625,0.6083509508876329
US-A10,Barrow,stocks_soil14c,"Stocks+
Pool 14C",5,0.04379700965557149,1415.5782470703125,0.6011860962061194
US-A10,Barrow,stocks_soil14c,"Stocks+
Pool 14C",6,0.04401075753436025,1434.150146484375,0.6226604188266487
US-A10,Barrow,stocks_soil14c,"Stocks+
Pool 14C",7,0.043894730512400636,1406.8328857421875,0.6154307747664726
US-A10,Barrow,stocks_soil14c,"Stocks+
Pool 14C",8,0.04478124069678805,1443.9986572265625,0.6372944287241743
US-A10,Barrow,stocks_soil14c,"Stocks+
Pool 14C",9,0.04451362225380596,1438.56298828125,0.6401732494776148
US-A10,Barrow,stocks_soil14c,"Stocks+
Pool 14C",10,0.04451362225380596,1438.56298828125,0.6401732494776148
US-A10,Barrow,stocks_soil14c,"Stocks+
Pool 14C",11,0.04451362225380596,1438.56298828125,0.6401732494776148
US-A10,Barrow,stocks_resp14c,"Stocks+
Resp 14C",0,0.06182046219297434,2011.7412109375,0.8787893173143448
US-A10,Barrow,stocks_resp14c,"Stocks+
Resp 14C",1,0.06182046219297434,2011.7412109375,0.8787893173143448
US-A10,Barrow,stocks_resp14c,"Stocks+
Resp 14C",2,0.05868991465595635,2083.2625122070312,0.8851750981830083
US-A10,Barrow,stocks_resp14c,"Stocks+
Resp 14C",3,0.055546426831586726,1891.8840942382812,0.8591867768668158
US-A10,Barrow,stocks_resp14c,"Stocks+
Resp 14C",4,0.057627362933843476,2145.3086547851562,0.8921386806787239
US-A10,Barrow,stocks_resp14c,"Stocks+
Resp 14C",5,0.05749026554405276,2081.7518920898438,0.8852279964515837
US-A10,Barrow,stocks_resp14c,"Stocks+
Resp 14C",6,0.058389384708262534,2196.53662109375,0.8990892345502842
US-A10,Barrow,stocks_resp14c,"Stocks+
Resp 14C",7,0.06135831036671061,2269.7600708007812,0.9060910359729565
US-A10,Barrow,stocks_resp14c,"Stocks+
Resp 14C",8,0.059003789473035174,2242.8514404296875,0.9026695667189523
US-A10,Barrow,stocks_resp14c,"Stocks+
Resp 14C",9,0.059003789473035174,2242.8514404296875,0.9026695667189523
US-A10,Barrow,stocks_resp14c,"Stocks+
Resp 14C",10,0.05562986867008625,2238.888671875,0.9021241524093223
US-A10,Barrow,stocks_resp14c,"Stocks+
Resp 14C",11,0.05562986867008625,2238.888671875,0.9021241524093223
US-A10,Barrow,all_observations,All,0,0.04293489571549141,1274.7321166992188,0.6914640668414486
US-A10,Barrow,all_observations,All,1,0.04293489571549141,1274.7321166992188,0.6914640668414486
US-A10,Barrow,all_observations,All,2,0.04293489571549141,1274.7321166992188,0.6914640668414486
US-A10,Barrow,all_observations,All,3,0.04313247469460018,1284.2669067382812,0.6968655533447631
US-A10,Barrow,all_observations,All,4,0.04313247469460018,1284.2669067382812,0.6968655533447631
US-A10,Barrow,all_observations,All,5,0.042301531508256135,1255.4989624023438,0.6805283468410376
US-A10,Barrow,all_observations,All,6,0.04175996502956601,1265.7296752929688,0.6839435553014085
US-A10,Barrow,all_observations,All,7,0.04175996502956601,1265.7296752929688,0.6839435553014085
US-A10,Barrow,all_observations,All,8,0.04175996502956601,1265.7296752929688,0.6839435553014085
US-A10,Barrow,all_observations,All,9,0.04071655777222048,1229.3823852539062,0.659432571815289
US-A10,Barrow,all_observations,All,10,0.04148896361628625,1263.8124389648438,0.6790159142741276
US-A10,Barrow,all_observations,All,11,0.04134542720368511,1274.5114135742188,0.6842067404745764
US-Ho1,Howland Forest,prior_only,Prior,0,0.10135557752638275,1279.98974609375,0.8419430774259116
US-Ho1,Howland Forest,prior_only,Prior,1,0.06980863979100344,651.439697265625,0.8952831466081441
US-Ho1,Howland Forest,prior_only,Prior,2,0.1008067128461899,792.0550537109375,0.9259242509757818
US-Ho1,Howland Forest,prior_only,Prior,3,0.10588335572172079,515.3475341796875,0.8833524691264807
US-Ho1,Howland Forest,prior_only,Prior,4,0.09528494413873528,435.5442810058594,0.8435365632388198
US-Ho1,Howland Forest,prior_only,Prior,5,0.0709171593389841,686.8844909667969,0.8973265803760215
US-Ho1,Howland Forest,prior_only,Prior,6,0.08284118875145699,1142.355712890625,0.9534620428615129
US-Ho1,Howland Forest,prior_only,Prior,7,0.06028125313402519,503.4530029296875,0.879280434434305
US-Ho1,Howland Forest,prior_only,Prior,8,0.07916934283103622,397.1743469238281,0.8203295479917357
US-Ho1,Howland Forest,prior_only,Prior,9,0.08811708457299842,962.9668579101562,0.9398376670932189
US-Ho1,Howland Forest,prior_only,Prior,10,0.09659152441480531,783.5814208984375,0.9196786705509332
US-Ho1,Howland Forest,prior_only,Prior,11,0.10584214343959401,725.7616577148438,0.9016587780820678
US-Ho1,Howland Forest,stocks_only,Stocks,0,0.06532264285895378,587.2056579589844,0.9068076425543434
US-Ho1,Howland Forest,stocks_only,Stocks,1,0.06532264285895378,587.2056579589844,0.9068076425543434
US-Ho1,Howland Forest,stocks_only,Stocks,2,0.06767424572468901,585.2847290039062,0.9041370269390943
US-Ho1,Howland Forest,stocks_only,Stocks,3,0.06541106868105355,506.7989196777344,0.8852076521556063
US-Ho1,Howland Forest,stocks_only,Stocks,4,0.06541106868105355,506.7989196777344,0.8852076521556063
US-Ho1,Howland Forest,stocks_only,Stocks,5,0.06845328251065905,451.9232482910156,0.8624015143880094
US-Ho1,Howland Forest,stocks_only,Stocks,6,0.06868999678453129,439.2426452636719,0.855171897032764
US-Ho1,Howland Forest,stocks_only,Stocks,7,0.06868999678453129,439.2426452636719,0.855171897032764
US-Ho1,Howland Forest,stocks_only,Stocks,8,0.06747872577413085,449.02178955078125,0.8593689554588185
US-Ho1,Howland Forest,stocks_only,Stocks,9,0.06379683103171298,425.35565185546875,0.8568697681013459
US-Ho1,Howland Forest,stocks_only,Stocks,10,0.0677668465322159,407.4096984863281,0.848452491785711
US-Ho1,Howland Forest,stocks_only,Stocks,11,0.06552810753843973,389.5130615234375,0.8426542687460787
US-Ho1,Howland Forest,soil14c_only,Pool 14C,0,0.07082909515919951,900.1510009765625,0.5849935807815586
US-Ho1,Howland Forest,soil14c_only,Pool 14C,1,0.06834072639654444,871.102783203125,0.5685960886361062
US-Ho1,Howland Forest,soil14c_only,Pool 14C,2,0.06886272980571255,879.4667358398438,0.5767475904658564
US-Ho1,Howland Forest,soil14c_only,Pool 14C,3,0.06966068535601004,890.964111328125,0.5838766387913201
US-Ho1,Howland Forest,soil14c_only,Pool 14C,4,0.06966068535601004,890.964111328125,0.5838766387913201
US-Ho1,Howland Forest,soil14c_only,Pool 14C,5,0.07016416362457858,896.27294921875,0.5882383930094596
US-Ho1,Howland Forest,soil14c_only,Pool 14C,6,0.07027850729309329,897.0502319335938,0.5876631086875008
US-Ho1,Howland Forest,soil14c_only,Pool 14C,7,0.0692231782789286,886.2881469726562,0.5847237240215596
US-Ho1,Howland Forest,soil14c_only,Pool 14C,8,0.06653354560457526,849.8851928710938,0.5586818549490841
US-Ho1,Howland Forest,soil14c_only,Pool 14C,9,0.06744280765662287,862.829345703125,0.5687722602766887
US-Ho1,Howland Forest,soil14c_only,Pool 14C,10,0.06597943451451176,844.0717163085938,0.5584511830353708
US-Ho1,Howland Forest,soil14c_only,Pool 14C,11,0.06525864231683423,833.3997192382812,0.551243631880052
US-Ho1,Howland Forest,resp14c_only,Resp 14C,0,0.07502431913325074,1194.8693237304688,0.8341442385410195
US-Ho1,Howland Forest,resp14c_only,Resp 14C,1,0.07363257430581722,1102.9053344726562,0.8145298339248153
US-Ho1,Howland Forest,resp14c_only,Resp 14C,2,0.08093812125082667,1267.5986328125,0.8467661544247431
US-Ho1,Howland Forest,resp14c_only,Resp 14C,3,0.07264203495537107,1183.953369140625,0.8338070590061087
US-Ho1,Howland Forest,resp14c_only,Resp 14C,4,0.07264203495537107,1183.953369140625,0.8338070590061087
US-Ho1,Howland Forest,resp14c_only,Resp 14C,5,0.07264203495537107,1183.953369140625,0.8338070590061087
US-Ho1,Howland Forest,resp14c_only,Resp 14C,6,0.0848533213793604,1196.5040893554688,0.8489684653822546
US-Ho1,Howland Forest,resp14c_only,Resp 14C,7,0.08639928804587328,1199.0337524414062,0.8484803786645629
US-Ho1,Howland Forest,resp14c_only,Resp 14C,8,0.08639928804587328,1199.0337524414062,0.8484803786645629
US-Ho1,Howland Forest,resp14c_only,Resp 14C,9,0.08639928804587328,1199.0337524414062,0.8484803786645629
US-Ho1,Howland Forest,resp14c_only,Resp 14C,10,0.08314416017927564,1153.1775512695312,0.8480413091383362
US-Ho1,Howland Forest,resp14c_only,Resp 14C,11,0.07844592952425565,1145.9219360351562,0.8531110737781079
US-Ho1,Howland Forest,stocks_soil14c,"Stocks+
Pool 14C",0,0.07234462277296377,925.2996826171875,0.5977437885363865
US-Ho1,Howland Forest,stocks_soil14c,"Stocks+
Pool 14C",1,0.07234462277296377,925.2996826171875,0.5977437885363865
US-Ho1,Howland Forest,stocks_soil14c,"Stocks+
Pool 14C",2,0.07112589204399954,911.6320190429688,0.5946698419999357
US-Ho1,Howland Forest,stocks_soil14c,"Stocks+
Pool 14C",3,0.07062716274601985,903.5304565429688,0.5905096215222955
US-Ho1,Howland Forest,stocks_soil14c,"Stocks+
Pool 14C",4,0.07062716274601985,903.5304565429688,0.5905096215222955
US-Ho1,Howland Forest,stocks_soil14c,"Stocks+
Pool 14C",5,0.07144823589375399,914.5038146972656,0.6021353392369797
US-Ho1,Howland Forest,stocks_soil14c,"Stocks+
Pool 14C",6,0.07144823589375399,914.5038146972656,0.6021353392369797
US-Ho1,Howland Forest,stocks_soil14c,"Stocks+
Pool 14C",7,0.07076669314940372,904.2861328125,0.5924464115592144
US-Ho1,Howland Forest,stocks_soil14c,"Stocks+
Pool 14C",8,0.07180429940729725,915.9955444335938,0.5968645264162734
US-Ho1,Howland Forest,stocks_soil14c,"Stocks+
Pool 14C",9,0.07180429940729725,915.9955444335938,0.5968645264162734
US-Ho1,Howland Forest,stocks_soil14c,"Stocks+
Pool 14C",10,0.07180429940729725,915.9955444335938,0.5968645264162734
US-Ho1,Howland Forest,stocks_soil14c,"Stocks+
Pool 14C",11,0.07312586899617342,935.122802734375,0.6129067143126377
US-Ho1,Howland Forest,stocks_resp14c,"Stocks+
Resp 14C",0,0.07559934214629731,1004.6361694335938,0.7392122641402945
US-Ho1,Howland Forest,stocks_resp14c,"Stocks+
Resp 14C",1,0.07131528969140127,995.2864379882812,0.7403073100166772
US-Ho1,Howland Forest,stocks_resp14c,"Stocks+
Resp 14C",2,0.07131528969140127,995.2864379882812,0.7403073100166772
US-Ho1,Howland Forest,stocks_resp14c,"Stocks+
Resp 14C",3,0.07222311587718125,990.7092895507812,0.7380082746847549
US-Ho1,Howland Forest,stocks_resp14c,"Stocks+
Resp 14C",4,0.07195710656625627,928.3112182617188,0.7005412395432234
US-Ho1,Howland Forest,stocks_resp14c,"Stocks+
Resp 14C",5,0.0730937245970311,964.9478759765625,0.709113582580012
US-Ho1,Howland Forest,stocks_resp14c,"Stocks+
Resp 14C",6,0.07445490811802097,1004.6435241699219,0.7332332418208816
US-Ho1,Howland Forest,stocks_resp14c,"Stocks+
Resp 14C",7,0.07390994026849304,1001.4596252441406,0.7249051740457307
US-Ho1,Howland Forest,stocks_resp14c,"Stocks+
Resp 14C",8,0.07390994026849304,1001.4596252441406,0.7249051740457307
US-Ho1,Howland Forest,stocks_resp14c,"Stocks+
Resp 14C",9,0.07390994026849304,1001.4596252441406,0.7249051740457307
US-Ho1,Howland Forest,stocks_resp14c,"Stocks+
Resp 14C",10,0.07233972655617077,964.7583923339844,0.7167019125216317
US-Ho1,Howland Forest,stocks_resp14c,"Stocks+
Resp 14C",11,0.07246065243688789,1013.2625732421875,0.7412254558683369
US-Ho1,Howland Forest,all_observations,All,0,0.0710980771557224,908.74853515625,0.6019053803366375
US-Ho1,Howland Forest,all_observations,All,1,0.0710980771557224,908.74853515625,0.6019053803366375
US-Ho1,Howland Forest,all_observations,All,2,0.0710980771557224,908.74853515625,0.6019053803366375
US-Ho1,Howland Forest,all_observations,All,3,0.07026568790516391,899.0697021484375,0.5958618992656496
US-Ho1,Howland Forest,all_observations,All,4,0.07026568790516391,899.0697021484375,0.5958618992656496
US-Ho1,Howland Forest,all_observations,All,5,0.06985511534522064,896.1202392578125,0.5870214257498991
US-Ho1,Howland Forest,all_observations,All,6,0.0682610859327738,875.6021728515625,0.5756557787384318
US-Ho1,Howland Forest,all_observations,All,7,0.0682610859327738,875.6021728515625,0.5756557787384318
US-Ho1,Howland Forest,all_observations,All,8,0.06909948518049609,885.3165893554688,0.5780085863604963
US-Ho1,Howland Forest,all_observations,All,9,0.06909948518049609,885.3165893554688,0.5780085863604963
US-Ho1,Howland Forest,all_observations,All,10,0.06909948518049609,885.3165893554688,0.5780085863604963
US-Ho1,Howland Forest,all_observations,All,11,0.06909948518049609,885.3165893554688,0.5780085863604963
US-EML,Eight-mile Lake,prior_only,Prior,0,0.15884673577241415,2413.004638671875,0.7495586556148903
US-EML,Eight-mile Lake,prior_only,Prior,1,0.12183096317196032,4529.392822265625,0.6491158799029767
US-EML,Eight-mile Lake,prior_only,Prior,2,0.13512446651159107,4529.551513671875,0.7957619161177909
US-EML,Eight-mile Lake,prior_only,Prior,3,0.10641934903233861,2374.2894897460938,0.7866732842288239
US-EML,Eight-mile Lake,prior_only,Prior,4,0.11404447289518761,2941.2109375,0.8261060218795627
US-EML,Eight-mile Lake,prior_only,Prior,5,0.13266585334786477,4483.478271484375,0.7283023769527223
US-EML,Eight-mile Lake,prior_only,Prior,6,0.1632871003367301,5136.456298828125,0.8310983786721798
US-EML,Eight-mile Lake,prior_only,Prior,7,0.1103888335159169,1947.8679809570312,0.6857283941948408
US-EML,Eight-mile Lake,prior_only,Prior,8,0.23354548862484656,3899.82421875,0.47059096590029964
US-EML,Eight-mile Lake,prior_only,Prior,9,0.2347529508183695,2906.7510986328125,0.564377931797925
US-EML,Eight-mile Lake,prior_only,Prior,10,0.09462261777977267,3589.61376953125,0.5975287841982859
US-EML,Eight-mile Lake,prior_only,Prior,11,0.08208667046966636,4727.523681640625,0.7399812790571925
US-EML,Eight-mile Lake,stocks_only,Stocks,0,0.17930916974337424,3981.559326171875,0.6406463102537526
US-EML,Eight-mile Lake,stocks_only,Stocks,1,0.18536874881993914,3931.6556396484375,0.6553592935161185
US-EML,Eight-mile Lake,stocks_only,Stocks,2,0.18536874881993914,3931.6556396484375,0.6553592935161185
US-EML,Eight-mile Lake,stocks_only,Stocks,3,0.17076807525555077,3782.6717529296875,0.6182844494165902
US-EML,Eight-mile Lake,stocks_only,Stocks,4,0.17076807525555077,3782.6717529296875,0.6182844494165902
US-EML,Eight-mile Lake,stocks_only,Stocks,5,0.17076807525555077,3782.6717529296875,0.6182844494165902
US-EML,Eight-mile Lake,stocks_only,Stocks,6,0.1629568037686808,3583.35888671875,0.5865984361014606
US-EML,Eight-mile Lake,stocks_only,Stocks,7,0.1555719155322546,3390.1900634765625,0.6251404730262644
US-EML,Eight-mile Lake,stocks_only,Stocks,8,0.147324600911969,3841.3466796875,0.6300171407363858
US-EML,Eight-mile Lake,stocks_only,Stocks,9,0.15712327709468346,4045.244873046875,0.6142209052233938
US-EML,Eight-mile Lake,stocks_only,Stocks,10,0.16698381258112757,4236.265869140625,0.6639091959895519
US-EML,Eight-mile Lake,stocks_only,Stocks,11,0.1515039091827898,4135.839599609375,0.6284302847124472
US-EML,Eight-mile Lake,soil14c_only,Pool 14C,0,0.20284067553961857,8498.36962890625,0.31313797441138225
US-EML,Eight-mile Lake,soil14c_only,Pool 14C,1,0.20474527421786728,8450.146484375,0.3051706358062165
US-EML,Eight-mile Lake,soil14c_only,Pool 14C,2,0.20410406118557092,8406.20166015625,0.2901110439524282
US-EML,Eight-mile Lake,soil14c_only,Pool 14C,3,0.207203270836547,8452.326171875,0.30509970219104315
US-EML,Eight-mile Lake,soil14c_only,Pool 14C,4,0.2055646356353959,8399.13232421875,0.28163890845698447
US-EML,Eight-mile Lake,soil14c_only,Pool 14C,5,0.2055646356353959,8399.13232421875,0.28163890845698447
US-EML,Eight-mile Lake,soil14c_only,Pool 14C,6,0.20504322871391362,8312.76806640625,0.2556852376369011
US-EML,Eight-mile Lake,soil14c_only,Pool 14C,7,0.20641817808179191,8297.1025390625,0.2515881878924904
US-EML,Eight-mile Lake,soil14c_only,Pool 14C,8,0.20813977020135513,8383.6396484375,0.27037915538680496
US-EML,Eight-mile Lake,soil14c_only,Pool 14C,9,0.2085360824355581,8469.82373046875,0.28761818008076806
US-EML,Eight-mile Lake,soil14c_only,Pool 14C,10,0.2085360824355581,8469.82373046875,0.28761818008076806
US-EML,Eight-mile Lake,soil14c_only,Pool 14C,11,0.20841559379394792,8453.13671875,0.2833071536432129
US-EML,Eight-mile Lake,resp14c_only,Resp 14C,0,0.17536402976359197,8407.6455078125,0.4426548733451485
US-EML,Eight-mile Lake,resp14c_only,Resp 14C,1,0.17589370734355902,8441.138671875,0.4522072483218895
US-EML,Eight-mile Lake,resp14c_only,Resp 14C,2,0.1769081197591965,8414.5849609375,0.44286707097285305
US-EML,Eight-mile Lake,resp14c_only,Resp 14C,3,0.1724369608443304,8592.658203125,0.49913176839845474
US-EML,Eight-mile Lake,resp14c_only,Resp 14C,4,0.18316208223575448,8530.240234375,0.4743487403253442
US-EML,Eight-mile Lake,resp14c_only,Resp 14C,5,0.17364276985936306,8592.658203125,0.49433079040845995
US-EML,Eight-mile Lake,resp14c_only,Resp 14C,6,0.18063831308721653,8569.8544921875,0.4847843620867906
US-EML,Eight-mile Lake,resp14c_only,Resp 14C,7,0.1696524256825084,8718.095703125,0.5315484285371425
US-EML,Eight-mile Lake,resp14c_only,Resp 14C,8,0.15455656527722164,8737.3271484375,0.5421148028694084
US-EML,Eight-mile Lake,resp14c_only,Resp 14C,9,0.15455656527722164,8737.3271484375,0.5421148028694084
US-EML,Eight-mile Lake,resp14c_only,Resp 14C,10,0.1453462433243748,8947.18359375,0.6013923883291136
US-EML,Eight-mile Lake,resp14c_only,Resp 14C,11,0.1639599247004308,8845.830078125,0.5779353434293216
US-EML,Eight-mile Lake,stocks_soil14c,"Stocks+
Pool 14C",0,0.21223974199850584,8696.8046875,0.37021658327997325
US-EML,Eight-mile Lake,stocks_soil14c,"Stocks+
Pool 14C",1,0.21223974199850584,8696.8046875,0.37021658327997325
US-EML,Eight-mile Lake,stocks_soil14c,"Stocks+
Pool 14C",2,0.21223974199850584,8696.8046875,0.37021658327997325
US-EML,Eight-mile Lake,stocks_soil14c,"Stocks+
Pool 14C",3,0.21021611161347523,8603.70458984375,0.34320431933510664
US-EML,Eight-mile Lake,stocks_soil14c,"Stocks+
Pool 14C",4,0.2065884951638039,8520.71484375,0.31514944960419133
US-EML,Eight-mile Lake,stocks_soil14c,"Stocks+
Pool 14C",5,0.2065884951638039,8520.71484375,0.31514944960419133
US-EML,Eight-mile Lake,stocks_soil14c,"Stocks+
Pool 14C",6,0.2098834769633834,8617.21337890625,0.3536275250170695
US-EML,Eight-mile Lake,stocks_soil14c,"Stocks+
Pool 14C",7,0.21213544381815688,8671.47607421875,0.37165222305062773
US-EML,Eight-mile Lake,stocks_soil14c,"Stocks+
Pool 14C",8,0.21213544381815688,8671.47607421875,0.37165222305062773
US-EML,Eight-mile Lake,stocks_soil14c,"Stocks+
Pool 14C",9,0.21140667525559528,8600.18798828125,0.34442140779371067
US-EML,Eight-mile Lake,stocks_soil14c,"Stocks+
Pool 14C",10,0.21096444267537215,8613.12255859375,0.3403584881559739
US-EML,Eight-mile Lake,stocks_soil14c,"Stocks+
Pool 14C",11,0.21329609657292117,8622.9619140625,0.3471775612179154
US-EML,Eight-mile Lake,stocks_resp14c,"Stocks+
Resp 14C",0,0.19846160213675573,8400.6943359375,0.38712658154927837
US-EML,Eight-mile Lake,stocks_resp14c,"Stocks+
Resp 14C",1,0.19575154041343565,8430.0693359375,0.40598065488192653
US-EML,Eight-mile Lake,stocks_resp14c,"Stocks+
Resp 14C",2,0.19575154041343565,8430.0693359375,0.40598065488192653
US-EML,Eight-mile Lake,stocks_resp14c,"Stocks+
Resp 14C",3,0.19874860496797261,8384.4794921875,0.3886207668377031
US-EML,Eight-mile Lake,stocks_resp14c,"Stocks+
Resp 14C",4,0.19874860496797261,8384.4794921875,0.3886207668377031
US-EML,Eight-mile Lake,stocks_resp14c,"Stocks+
Resp 14C",5,0.19848166956446506,8316.0400390625,0.3646239791595658
US-EML,Eight-mile Lake,stocks_resp14c,"Stocks+
Resp 14C",6,0.2108172774169298,8321.9755859375,0.35830172695073403
US-EML,Eight-mile Lake,stocks_resp14c,"Stocks+
Resp 14C",7,0.21061388881617366,8265.6103515625,0.3426391338814216
US-EML,Eight-mile Lake,stocks_resp14c,"Stocks+
Resp 14C",8,0.2033129400119286,8215.8203125,0.33521518674227363
US-EML,Eight-mile Lake,stocks_resp14c,"Stocks+
Resp 14C",9,0.2068103065100776,8177.20751953125,0.3199755914365552
US-EML,Eight-mile Lake,stocks_resp14c,"Stocks+
Resp 14C",10,0.2068103065100776,8177.20751953125,0.3199755914365552
US-EML,Eight-mile Lake,stocks_resp14c,"Stocks+
Resp 14C",11,0.2068103065100776,8177.20751953125,0.3199755914365552
US-EML,Eight-mile Lake,all_observations,All,0,0.21958301726037074,8184.671875,0.21754450693791832
US-EML,Eight-mile Lake,all_observations,All,1,0.21958301726037074,8184.671875,0.21754450693791832
US-EML,Eight-mile Lake,all_observations,All,2,0.21958301726037074,8184.671875,0.21754450693791832
US-EML,Eight-mile Lake,all_observations,All,3,0.21871165633432738,8236.119140625,0.2327646723155565
US-EML,Eight-mile Lake,all_observations,All,4,0.21873486023986302,8288.20947265625,0.2513797053050693
US-EML,Eight-mile Lake,all_observations,All,5,0.21873486023986302,8288.20947265625,0.2513797053050693
US-EML,Eight-mile Lake,all_observations,All,6,0.21873486023986302,8288.20947265625,0.2513797053050693
US-EML,Eight-mile Lake,all_observations,All,7,0.22236939331645617,8305.1884765625,0.25659667721692997
US-EML,Eight-mile Lake,all_observations,All,8,0.22236939331645617,8305.1884765625,0.25659667721692997
US-EML,Eight-mile Lake,all_observations,All,9,0.22236939331645617,8305.1884765625,0.25659667721692997
US-EML,Eight-mile Lake,all_observations,All,10,0.21810305503055277,8204.90966796875,0.22764747940313423
US-EML,Eight-mile Lake,all_observations,All,11,0.21740197522806837,8255.4951171875,0.23951003832828255
