ecosystem,observation_subset,draw,year,carbon_loss,excess_respiration,slow_excess_respiration,slow_fraction_of_excess_respiration
Harvard Forest,prior_only,0,100,1247.007568359375,1247.48561387762,155.67075962303215,0.1247876191046029
Harvard Forest,prior_only,1,100,557.1885681152344,558.6214167091999,85.92716931914549,0.1538200411744621
Harvard Forest,prior_only,2,100,913.576904296875,913.829081111484,93.93854869695326,0.10279662864602257
Harvard Forest,prior_only,3,100,920.0250244140625,920.3145630600202,222.3573022387186,0.24161010937324168
Harvard Forest,prior_only,4,100,1761.547119140625,1761.6726656152473,273.2390370031967,0.15510204723972973
Harvard Forest,prior_only,5,100,1122.3915557861328,1122.8221369995626,76.42228031513503,0.06806267688963884
Harvard Forest,prior_only,6,100,1392.4092407226562,1392.869923183816,176.78029663274685,0.12691802277463443
Harvard Forest,prior_only,7,100,1655.5416259765625,1656.1004209777302,303.28487631867665,0.18313193600882188
Harvard Forest,prior_only,8,100,1417.9885864257812,1418.5922516090743,138.0506167048527,0.09731521975272689
Harvard Forest,prior_only,9,100,880.5250854492188,880.846457179322,180.06711546468614,0.20442508906864823
Harvard Forest,prior_only,10,100,1419.2095947265625,1420.2506943552582,144.81364707331,0.10196344043264143
Harvard Forest,prior_only,11,100,803.4923095703126,804.1593231066786,254.25997949355815,0.31618110017214635
Harvard Forest,stocks_only,0,100,1556.1619873046875,1556.480689429092,303.0711703360573,0.194715663608536
Harvard Forest,stocks_only,1,100,1530.3488159179688,1530.7940515511057,274.0722532321672,0.17903927243149292
Harvard Forest,stocks_only,2,100,1530.3488159179688,1530.7940515511057,274.0722532321672,0.17903927243149292
Harvard Forest,stocks_only,3,100,1572.3373413085938,1572.6210437344937,273.1081152811014,0.17366428890748734
Harvard Forest,stocks_only,4,100,1572.3373413085938,1572.6210437344937,273.1081152811014,0.17366428890748734
Harvard Forest,stocks_only,5,100,1408.9805297851562,1409.717771943165,281.3503135262629,0.1995791775671861
Harvard Forest,stocks_only,6,100,1528.8627319335938,1529.3525774147724,285.9179150438554,0.1869535640546491
Harvard Forest,stocks_only,7,100,1528.8627319335938,1529.3525774147724,285.9179150438554,0.1869535640546491
Harvard Forest,stocks_only,8,100,1696.0,1696.2652553535704,288.45735555893634,0.17005439134506717
Harvard Forest,stocks_only,9,100,1632.8949584960938,1633.227280530866,296.5084661258045,0.18154758352397043
Harvard Forest,stocks_only,10,100,1640.637451171875,1641.1470725092686,279.9243774327979,0.17056629605096954
Harvard Forest,stocks_only,11,100,1606.7691040039062,1607.000254564198,308.8707745691934,0.19220331402682694
Harvard Forest,soil14c_only,0,100,1936.5245361328125,1936.6757240129996,733.2005034717426,0.3785871296783091
Harvard Forest,soil14c_only,1,100,1936.5245361328125,1936.6757240129996,733.2005034717426,0.3785871296783091
Harvard Forest,soil14c_only,2,100,1978.779296875,1979.0245362384412,772.3395261168444,0.3902627339754163
Harvard Forest,soil14c_only,3,100,1970.1793823242188,1970.4823574692064,769.2976601119872,0.3904108337717047
Harvard Forest,soil14c_only,4,100,1952.3147583007812,1952.4522964221792,756.625757582558,0.38752586117932614
Harvard Forest,soil14c_only,5,100,1927.9201049804688,1927.7832160132934,718.2932820774881,0.3726006514170912
Harvard Forest,soil14c_only,6,100,1927.9201049804688,1927.7832160132934,718.2932820774881,0.3726006514170912
Harvard Forest,soil14c_only,7,100,1923.6890258789062,1923.7576220805354,718.9112353903006,0.3737015656955793
Harvard Forest,soil14c_only,8,100,1951.390625,1951.7230385985295,778.311149156807,0.39878155545865135
Harvard Forest,soil14c_only,9,100,1944.7138061523438,1944.9136279264935,775.4844868895311,0.3987243833117097
Harvard Forest,soil14c_only,10,100,1930.2044067382812,1930.510718972056,718.6949200667509,0.3722822738065066
Harvard Forest,soil14c_only,11,100,1930.2044067382812,1930.510718972056,718.6949200667509,0.3722822738065066
Harvard Forest,resp14c_only,0,100,1527.3047485351562,1527.6509488739327,249.74082708881429,0.16348029454824356
Harvard Forest,resp14c_only,1,100,1527.3047485351562,1527.6509488739327,249.74082708881429,0.16348029454824356
Harvard Forest,resp14c_only,2,100,1481.0718383789062,1481.3767505064602,183.47580577526742,0.12385492462504209
Harvard Forest,resp14c_only,3,100,1481.0718383789062,1481.3767505064602,183.47580577526742,0.12385492462504209
Harvard Forest,resp14c_only,4,100,1481.0718383789062,1481.3767505064602,183.47580577526742,0.12385492462504209
Harvard Forest,resp14c_only,5,100,1481.0718383789062,1481.3767505064602,183.47580577526742,0.12385492462504209
Harvard Forest,resp14c_only,6,100,1500.8488159179688,1501.2583015990228,206.62300821616805,0.13763321608019713
Harvard Forest,resp14c_only,7,100,1553.48095703125,1553.7019734813834,226.77278292413337,0.1459564233004114
Harvard Forest,resp14c_only,8,100,1553.48095703125,1553.7019734813834,226.77278292413337,0.1459564233004114
Harvard Forest,resp14c_only,9,100,1546.5798950195312,1546.9733886550732,240.79569039342482,0.15565600039362715
Harvard Forest,resp14c_only,10,100,1546.5798950195312,1546.9733886550732,240.79569039342482,0.15565600039362715
Harvard Forest,resp14c_only,11,100,1553.9405517578125,1554.3147317753974,256.35327835021417,0.1649300962729715
Harvard Forest,stocks_soil14c,0,100,1567.2719116210938,1567.9067593603302,411.3971552240607,0.2623862374264534
Harvard Forest,stocks_soil14c,1,100,1561.4833984375,1561.5325415815907,429.44743709312047,0.27501664272597015
Harvard Forest,stocks_soil14c,2,100,1561.4833984375,1561.5325415815907,429.44743709312047,0.27501664272597015
Harvard Forest,stocks_soil14c,3,100,1612.16650390625,1611.9005389051067,477.93563470712206,0.29650442019937706
Harvard Forest,stocks_soil14c,4,100,1599.3868408203125,1599.5615470369958,438.6266931208902,0.27421682768843486
Harvard Forest,stocks_soil14c,5,100,1660.1272583007812,1660.1968837010377,524.4530072099355,0.31589807953426874
Harvard Forest,stocks_soil14c,6,100,1660.1272583007812,1660.1968837010377,524.4530072099355,0.31589807953426874
Harvard Forest,stocks_soil14c,7,100,1672.6502685546875,1672.6667940194147,510.6488661317471,0.30529025144611077
Harvard Forest,stocks_soil14c,8,100,1672.6502685546875,1672.6667940194147,510.6488661317471,0.30529025144611077
Harvard Forest,stocks_soil14c,9,100,1646.9468383789062,1647.0396795927077,469.0298388715687,0.28477142638576497
Harvard Forest,stocks_soil14c,10,100,1693.9055786132812,1694.248463738444,517.3704884933957,0.30536872221904915
Harvard Forest,stocks_soil14c,11,100,1729.0621948242188,1729.5918667803207,580.9584652455933,0.335893384100529
Harvard Forest,stocks_resp14c,0,100,1559.8646240234375,1560.1265975775923,468.5705827191132,0.3003413847611229
Harvard Forest,stocks_resp14c,1,100,1493.8470458984375,1494.179052181107,411.49512919074164,0.2753988075191306
Harvard Forest,stocks_resp14c,2,100,1493.8470458984375,1494.179052181107,411.49512919074164,0.2753988075191306
Harvard Forest,stocks_resp14c,3,100,1509.3126220703125,1509.6668482419245,417.7627611968619,0.27672513421313155
Harvard Forest,stocks_resp14c,4,100,1509.3126220703125,1509.6668482419245,417.7627611968619,0.27672513421313155
Harvard Forest,stocks_resp14c,5,100,1452.90673828125,1452.8481108349488,383.730604330548,0.26412300189454685
Harvard Forest,stocks_resp14c,6,100,1439.6055908203125,1440.0347888111469,377.2646059465919,0.2619829804653895
Harvard Forest,stocks_resp14c,7,100,1439.6055908203125,1440.0347888111469,377.2646059465919,0.2619829804653895
Harvard Forest,stocks_resp14c,8,100,1470.4888916015625,1470.6803931795807,392.5376897897172,0.26690890258015804
Harvard Forest,stocks_resp14c,9,100,1470.4888916015625,1470.6803931795807,392.5376897897172,0.26690890258015804
Harvard Forest,stocks_resp14c,10,100,1506.1563720703125,1506.6289800965048,386.76132721316094,0.2567064169895282
Harvard Forest,stocks_resp14c,11,100,1489.1839599609375,1489.6917273771971,377.1929315994505,0.25320200459429915
Harvard Forest,all_observations,0,100,1406.341064453125,1406.7821740035652,295.02108763107935,0.20971341056410892
Harvard Forest,all_observations,1,100,1406.341064453125,1406.7821740035652,295.02108763107935,0.20971341056410892
Harvard Forest,all_observations,2,100,1363.0264282226562,1363.8130152794702,290.70483414120827,0.2131559318501133
Harvard Forest,all_observations,3,100,1363.0264282226562,1363.8130152794702,290.70483414120827,0.2131559318501133
Harvard Forest,all_observations,4,100,1368.9904174804688,1369.5169080364667,275.6302126334823,0.20126090522581777
Harvard Forest,all_observations,5,100,1368.9904174804688,1369.5169080364667,275.6302126334823,0.20126090522581777
Harvard Forest,all_observations,6,100,1385.7808227539062,1386.2872822018562,298.7908604126734,0.21553314687998898
Harvard Forest,all_observations,7,100,1423.3125610351562,1423.9606216568184,351.2011216918229,0.24663682151771196
Harvard Forest,all_observations,8,100,1401.109130859375,1401.5920105846974,308.81130551932733,0.2203289567771591
Harvard Forest,all_observations,9,100,1375.9484252929688,1376.5212370315614,314.07536404455027,0.22816601414871526
Harvard Forest,all_observations,10,100,1375.146728515625,1375.5808229948825,306.4007324388467,0.22274280603284233
Harvard Forest,all_observations,11,100,1388.1509399414062,1388.667610263663,297.3922892138636,0.21415656778903228
Barrow,prior_only,0,100,1323.2872314453125,1322.9784231328442,56.88781428920838,0.042999805056908404
Barrow,prior_only,1,100,767.1566619873047,766.9112948738605,52.53719523425909,0.06850491782481867
Barrow,prior_only,2,100,1185.6571807861328,1186.1019155274507,114.83012195311596,0.09681303136758856
Barrow,prior_only,3,100,1016.0219116210938,1016.0182931980318,71.73665701389298,0.07060567461644199
Barrow,prior_only,4,100,2144.4041748046875,2143.3803080250373,55.11952882866328,0.025716168345062268
Barrow,prior_only,5,100,768.5112609863281,768.4980230730459,13.922278407814023,0.018116218896884147
Barrow,prior_only,6,100,1441.7882385253906,1442.0232550571736,83.65110032656014,0.0580095362770301
Barrow,prior_only,7,100,1315.9847412109375,1316.3938605766216,109.49363312449023,0.08317695516790742
Barrow,prior_only,8,100,278.8626480102539,278.76237467541586,23.440928981217745,0.08408928575282727
Barrow,prior_only,9,100,1932.7771606445312,1933.056032367285,100.84273610740618,0.05216751838481929
Barrow,prior_only,10,100,2061.5587158203125,2059.8393228218592,272.73361324376054,0.13240528531620196
Barrow,prior_only,11,100,1583.5795593261719,1583.524035825862,147.5341714862128,0.09316825520066621
Barrow,stocks_only,0,100,2412.8780517578125,2413.540311845866,94.46900802779841,0.03914125965252633
Barrow,stocks_only,1,100,2082.659637451172,2082.5098737049384,98.09856418557943,0.047105929928223995
Barrow,stocks_only,2,100,2169.938995361328,2169.7746762981596,109.26947188117694,0.050359824489979284
Barrow,stocks_only,3,100,2169.938995361328,2169.7746762981596,109.26947188117694,0.050359824489979284
Barrow,stocks_only,4,100,2169.938995361328,2169.7746762981596,109.26947188117694,0.050359824489979284
Barrow,stocks_only,5,100,2169.938995361328,2169.7746762981596,109.26947188117694,0.050359824489979284
Barrow,stocks_only,6,100,2200.5044860839844,2200.9156805510675,116.05383732722251,0.05272979712615107
Barrow,stocks_only,7,100,2200.5044860839844,2200.9156805510675,116.05383732722251,0.05272979712615107
Barrow,stocks_only,8,100,2114.5387573242188,2115.3906812074392,104.84196463212756,0.04956151389127092
Barrow,stocks_only,9,100,2114.5387573242188,2115.3906812074392,104.84196463212756,0.04956151389127092
Barrow,stocks_only,10,100,2206.0403747558594,2206.841197516094,98.50673420043508,0.04463698353615528
Barrow,stocks_only,11,100,1810.1134948730469,1810.7168727546803,86.8593065388433,0.047969568211236956
Barrow,soil14c_only,0,100,1654.1673583984375,1653.675374942379,132.07068877744058,0.07986494252660833
Barrow,soil14c_only,1,100,1654.1673583984375,1653.675374942379,132.07068877744058,0.07986494252660833
Barrow,soil14c_only,2,100,1654.1673583984375,1653.675374942379,132.07068877744058,0.07986494252660833
Barrow,soil14c_only,3,100,1654.1673583984375,1653.675374942379,132.07068877744058,0.07986494252660833
Barrow,soil14c_only,4,100,1654.1673583984375,1653.675374942379,132.07068877744058,0.07986494252660833
Barrow,soil14c_only,5,100,1654.1673583984375,1653.675374942379,132.07068877744058,0.07986494252660833
Barrow,soil14c_only,6,100,1670.3397216796875,1670.3935717863117,138.83661976228473,0.08311611233861098
Barrow,soil14c_only,7,100,1670.3397216796875,1670.3935717863117,138.83661976228473,0.08311611233861098
Barrow,soil14c_only,8,100,1664.9423217773438,1665.5055492312906,159.4748232593068,0.09575160126780241
Barrow,soil14c_only,9,100,1680.7047119140625,1680.4146455382747,155.12221925953202,0.09231187056801857
Barrow,soil14c_only,10,100,1696.45166015625,1698.8040880251854,203.3958326372279,0.1197288339903103
Barrow,soil14c_only,11,100,1696.45166015625,1698.8040880251854,203.3958326372279,0.1197288339903103
Barrow,resp14c_only,0,100,1924.3582153320312,1924.3978924144478,65.76142420184229,0.0341724673785288
Barrow,resp14c_only,1,100,1924.3582153320312,1924.3978924144478,65.76142420184229,0.0341724673785288
Barrow,resp14c_only,2,100,1920.1109619140625,1920.0635666373814,71.11525907577868,0.03703797119609079
Barrow,resp14c_only,3,100,1769.255126953125,1768.9818484142136,57.70505305022773,0.032620489069436674
Barrow,resp14c_only,4,100,1575.718994140625,1575.8037469598864,52.44412687106445,0.033280874583679655
Barrow,resp14c_only,5,100,1525.3502807617188,1525.3578052519779,45.14386644466241,0.02959559146662312
Barrow,resp14c_only,6,100,1532.8854370117188,1532.967876605678,49.629081894421546,0.03237450872376468
Barrow,resp14c_only,7,100,1560.69287109375,1560.5578847507315,45.28908213922263,0.02902108443510679
Barrow,resp14c_only,8,100,1560.69287109375,1560.5578847507315,45.28908213922263,0.02902108443510679
Barrow,resp14c_only,9,100,1558.10986328125,1558.0468151239209,47.93359802759475,0.030765184692978755
Barrow,resp14c_only,10,100,1558.10986328125,1558.0468151239209,47.93359802759475,0.030765184692978755
Barrow,resp14c_only,11,100,1418.112060546875,1418.0850215886665,47.74009686185961,0.03366518659676474
Barrow,stocks_soil14c,0,100,1474.6519775390625,1473.969055951419,104.13063848052913,0.0706464210086926
Barrow,stocks_soil14c,1,100,1479.8427734375,1479.0952766332507,95.2911648001,0.06442530532380839
Barrow,stocks_soil14c,2,100,1445.8055419921875,1447.086158042709,76.81225294501562,0.05308063553652525
Barrow,stocks_soil14c,3,100,1411.12353515625,1412.400683753113,81.6404597325226,0.05780261980303127
Barrow,stocks_soil14c,4,100,1411.12353515625,1412.400683753113,81.6404597325226,0.05780261980303127
Barrow,stocks_soil14c,5,100,1415.5782470703125,1416.773166361192,80.60966165008783,0.056896660357510766
Barrow,stocks_soil14c,6,100,1434.150146484375,1434.1519407916016,98.14376256285703,0.06843330875296597
Barrow,stocks_soil14c,7,100,1406.8328857421875,1406.016391080035,90.4152881316788,0.06430599863933739
Barrow,stocks_soil14c,8,100,1443.9986572265625,1443.2896612241695,101.11393658243493,0.07005796500798883
Barrow,stocks_soil14c,9,100,1438.56298828125,1438.439744437102,95.07604877526055,0.06609665030666002
Barrow,stocks_soil14c,10,100,1438.56298828125,1438.439744437102,95.07604877526055,0.06609665030666002
Barrow,stocks_soil14c,11,100,1438.56298828125,1438.439744437102,95.07604877526055,0.06609665030666002
Barrow,stocks_resp14c,0,100,2011.7412109375,2012.0111239809944,136.0886963069603,0.0676381430922177
Barrow,stocks_resp14c,1,100,2011.7412109375,2012.0111239809944,136.0886963069603,0.0676381430922177
Barrow,stocks_resp14c,2,100,2083.2625122070312,2083.217249973273,144.1488003461696,0.06919527972803556
Barrow,stocks_resp14c,3,100,1891.8840942382812,1891.9186845798815,123.73359606711642,0.06540111743470235
Barrow,stocks_resp14c,4,100,2145.3086547851562,2145.41858219268,149.09176209375045,0.0694930878902775
Barrow,stocks_resp14c,5,100,2081.7518920898438,2082.4375195502266,135.46798867514946,0.06505260657443801
Barrow,stocks_resp14c,6,100,2196.53662109375,2197.2336854050714,121.00634182468758,0.055072131211377925
Barrow,stocks_resp14c,7,100,2269.7600708007812,2270.3248539885185,115.72944935818302,0.05097484139984149
Barrow,stocks_resp14c,8,100,2242.8514404296875,2243.0265522893305,97.78099799374837,0.043593330580036525
Barrow,stocks_resp14c,9,100,2242.8514404296875,2243.0265522893305,97.78099799374837,0.043593330580036525
Barrow,stocks_resp14c,10,100,2238.888671875,2238.437746341258,113.10044580565926,0.0505265093883101
Barrow,stocks_resp14c,11,100,2238.888671875,2238.437746341258,113.10044580565926,0.0505265093883101
Barrow,all_observations,0,100,1274.7321166992188,1274.6828870823683,95.80343882306158,0.07515864517672063
Barrow,all_observations,1,100,1274.7321166992188,1274.6828870823683,95.80343882306158,0.07515864517672063
Barrow,all_observations,2,100,1274.7321166992188,1274.6828870823683,95.80343882306158,0.07515864517672063
Barrow,all_observations,3,100,1284.2669067382812,1284.3067656471524,85.54346224280441,0.0666067208636869
Barrow,all_observations,4,100,1284.2669067382812,1284.3067656471524,85.54346224280441,0.0666067208636869
Barrow,all_observations,5,100,1255.4989624023438,1254.5683909988,77.33115967021045,0.06163965250921456
Barrow,all_observations,6,100,1265.7296752929688,1265.6912510138905,85.9350156057977,0.06789571748794099
Barrow,all_observations,7,100,1265.7296752929688,1265.6912510138905,85.9350156057977,0.06789571748794099
Barrow,all_observations,8,100,1265.7296752929688,1265.6912510138905,85.9350156057977,0.06789571748794099
Barrow,all_observations,9,100,1229.3823852539062,1228.7296041668578,83.67180024577547,0.06809618646936506
Barrow,all_observations,10,100,1263.8124389648438,1263.3029502562053,83.55968099297296,0.06614381845306905
Barrow,all_observations,11,100,1274.5114135742188,1273.7532986234005,80.75507279158599,0.06339930415007478
Howland Forest,prior_only,0,100,627.5822753906249,627.5581886052737,282.9596521547792,0.45088990517938615
Howland Forest,prior_only,1,100,459.6865539550781,459.70210083714056,165.04604698770373,0.35902826349313305
Howland Forest,prior_only,2,100,1592.4781494140625,1592.2755249120455,256.36957751511466,0.16100830132980665
Howland Forest,prior_only,3,100,393.1914978027344,393.2237555023952,163.0575706747835,0.41466866737604896
Howland Forest,prior_only,4,100,425.53155517578125,425.6432577027637,137.00006996419842,0.32186594638806343
Howland Forest,prior_only,5,100,735.0089111328125,734.9092606863575,244.3298917982753,0.3324626656222662
Howland Forest,prior_only,6,100,845.1910400390625,845.3993281671471,418.64146495152613,0.49519966600772475
Howland Forest,prior_only,7,100,465.236083984375,465.3190278326557,146.66955766730155,0.31520214926617796
Howland Forest,prior_only,8,100,523.1312866210938,523.2902947567161,87.97874735219403,0.16812608266143442
Howland Forest,prior_only,9,100,421.4176788330077,421.27997097638024,199.39793926114805,0.4733145485151195
Howland Forest,prior_only,10,100,1555.0321655273438,1555.163560142425,764.2573493959035,0.49143213548928016
Howland Forest,prior_only,11,100,527.2529907226562,527.4884808226938,178.40604715443885,0.3382179016993681
Howland Forest,stocks_only,0,100,587.2056579589844,587.1668927292087,300.5536100070133,0.5118708389875507
Howland Forest,stocks_only,1,100,587.2056579589844,587.1668927292087,300.5536100070133,0.5118708389875507
Howland Forest,stocks_only,2,100,585.2847290039062,585.3275014304677,310.97439408318087,0.5312827320144673
Howland Forest,stocks_only,3,100,506.7989196777344,506.9710247320271,248.91664898542138,0.4909879201025203
Howland Forest,stocks_only,4,100,506.7989196777344,506.9710247320271,248.91664898542138,0.4909879201025203
Howland Forest,stocks_only,5,100,451.9232482910156,452.1247947341326,201.51270543551573,0.4457015137911497
Howland Forest,stocks_only,6,100,439.2426452636719,439.31966225047313,193.48643111122487,0.4404228805058827
Howland Forest,stocks_only,7,100,439.2426452636719,439.31966225047313,193.48643111122487,0.4404228805058827
Howland Forest,stocks_only,8,100,449.02178955078125,449.08758685352643,195.18786570820305,0.43463206604253163
Howland Forest,stocks_only,9,100,425.3556518554687,425.4121902778254,183.90001733661416,0.432286665825241
Howland Forest,stocks_only,10,100,407.4096984863281,407.37554445087335,162.67352927248567,0.3993208023612791
Howland Forest,stocks_only,11,100,389.5130615234375,389.567676421794,167.49977851516064,0.42996323528085717
Howland Forest,soil14c_only,0,100,900.1510009765625,900.0405588023704,264.82854347971454,0.29424067714471214
Howland Forest,soil14c_only,1,100,871.102783203125,870.9505556258624,223.96266590603034,0.25714739425717625
Howland Forest,soil14c_only,2,100,879.4667358398438,879.4597521641143,236.2274120842718,0.2686051425354936
Howland Forest,soil14c_only,3,100,890.964111328125,890.5568904060749,250.32892246451343,0.28109256709065356
Howland Forest,soil14c_only,4,100,890.964111328125,890.5568904060749,250.32892246451343,0.28109256709065356
Howland Forest,soil14c_only,5,100,896.27294921875,896.0503877799262,258.0039242243048,0.28793461589089975
Howland Forest,soil14c_only,6,100,897.0502319335938,896.8129273233818,258.17418986821497,0.2878796480317906
Howland Forest,soil14c_only,7,100,886.2881469726562,886.2196996187135,240.01049595733957,0.27082505168932886
Howland Forest,soil14c_only,8,100,849.8851928710938,849.6014119765064,189.97756752774626,0.2236078764108735
Howland Forest,soil14c_only,9,100,862.829345703125,862.5295272012908,205.95869066390412,0.2387845101746169
Howland Forest,soil14c_only,10,100,844.0717163085938,843.7024378128035,179.54578640712504,0.2128070020427768
Howland Forest,soil14c_only,11,100,833.3997192382812,833.1551406690097,163.58666876369455,0.19634598741398532
Howland Forest,resp14c_only,0,100,1194.8693237304688,1194.367859324248,460.6466171911966,0.3856823620922135
Howland Forest,resp14c_only,1,100,1102.9053344726562,1102.57529492061,409.7336714168962,0.371615138942868
Howland Forest,resp14c_only,2,100,1267.5986328125,1267.4426573195294,442.24239249868856,0.3489249710389042
Howland Forest,resp14c_only,3,100,1183.953369140625,1183.7192623690628,396.31483033288737,0.3348047488386004
Howland Forest,resp14c_only,4,100,1183.953369140625,1183.7192623690628,396.31483033288737,0.3348047488386004
Howland Forest,resp14c_only,5,100,1183.953369140625,1183.7192623690628,396.31483033288737,0.3348047488386004
Howland Forest,resp14c_only,6,100,1196.5040893554688,1196.2083163561495,387.16848359551045,0.32366309304293284
Howland Forest,resp14c_only,7,100,1199.0337524414062,1198.836368534617,390.73042151294544,0.3259247314882097
Howland Forest,resp14c_only,8,100,1199.0337524414062,1198.836368534617,390.73042151294544,0.3259247314882097
Howland Forest,resp14c_only,9,100,1199.0337524414062,1198.836368534617,390.73042151294544,0.3259247314882097
Howland Forest,resp14c_only,10,100,1153.1775512695312,1152.9209890802606,455.42630319574914,0.39501952649770405
Howland Forest,resp14c_only,11,100,1145.9219360351562,1145.8358331279321,454.3457555300499,0.3965190670375225
Howland Forest,stocks_soil14c,0,100,925.2996826171875,925.1369173823591,289.0664323572564,0.3124580015411765
Howland Forest,stocks_soil14c,1,100,925.2996826171875,925.1369173823591,289.0664323572564,0.3124580015411765
Howland Forest,stocks_soil14c,2,100,911.6320190429688,911.4210035426594,272.71324537982525,0.299217644008421
Howland Forest,stocks_soil14c,3,100,903.5304565429688,903.4731445200866,262.7047812082876,0.2907720974349858
Howland Forest,stocks_soil14c,4,100,903.5304565429688,903.4731445200866,262.7047812082876,0.2907720974349858
Howland Forest,stocks_soil14c,5,100,914.5038146972656,914.2258549747903,282.2638711921136,0.30874632308435096
Howland Forest,stocks_soil14c,6,100,914.5038146972656,914.2258549747903,282.2638711921136,0.30874632308435096
Howland Forest,stocks_soil14c,7,100,904.2861328125,903.9891429435161,266.52422025761007,0.29483121820442404
Howland Forest,stocks_soil14c,8,100,915.9955444335938,915.7318934862649,283.19935948551915,0.30926012460629326
Howland Forest,stocks_soil14c,9,100,915.9955444335938,915.7318934862649,283.19935948551915,0.30926012460629326
Howland Forest,stocks_soil14c,10,100,915.9955444335938,915.7318934862649,283.19935948551915,0.30926012460629326
Howland Forest,stocks_soil14c,11,100,935.122802734375,934.8461214626944,311.33221848989194,0.3330304435587433
Howland Forest,stocks_resp14c,0,100,1004.6361694335938,1004.3607419499331,373.16923791102363,0.3715490085629272
Howland Forest,stocks_resp14c,1,100,995.2864379882812,995.2400325507888,373.02169370725915,0.37480575690992735
Howland Forest,stocks_resp14c,2,100,995.2864379882812,995.2400325507888,373.02169370725915,0.37480575690992735
Howland Forest,stocks_resp14c,3,100,990.7092895507812,990.4104020989907,370.03114550820465,0.3736139530885302
Howland Forest,stocks_resp14c,4,100,928.3112182617188,928.1101870047011,311.8761266830594,0.33603351309996954
Howland Forest,stocks_resp14c,5,100,964.9478759765625,964.7627094308552,359.21289524917825,0.3723328977558529
Howland Forest,stocks_resp14c,6,100,1004.6435241699219,1004.4023150346595,400.3940417501674,0.39863910681682446
Howland Forest,stocks_resp14c,7,100,1001.4596252441406,1001.2364143798841,408.267593023269,0.40776342845673424
Howland Forest,stocks_resp14c,8,100,1001.4596252441406,1001.2364143798841,408.267593023269,0.40776342845673424
Howland Forest,stocks_resp14c,9,100,1001.4596252441406,1001.2364143798841,408.267593023269,0.40776342845673424
Howland Forest,stocks_resp14c,10,100,964.7583923339844,964.56996504157,380.79868186865133,0.3947859623145534
Howland Forest,stocks_resp14c,11,100,1013.2625732421875,1013.1458137727352,403.6613295130976,0.3984237254161377
Howland Forest,all_observations,0,100,908.74853515625,908.3640597310479,277.22348883406823,0.30518984746726957
Howland Forest,all_observations,1,100,908.74853515625,908.3640597310479,277.22348883406823,0.30518984746726957
Howland Forest,all_observations,2,100,908.74853515625,908.3640597310479,277.22348883406823,0.30518984746726957
Howland Forest,all_observations,3,100,899.0697021484375,898.957390648081,263.87821396367735,0.29353806610727223
Howland Forest,all_observations,4,100,899.0697021484375,898.957390648081,263.87821396367735,0.29353806610727223
Howland Forest,all_observations,5,100,896.1202392578125,895.853959231557,251.19000589492555,0.2803916903045119
Howland Forest,all_observations,6,100,875.6021728515625,875.5619802953223,221.23300293313548,0.2526754335067345
Howland Forest,all_observations,7,100,875.6021728515625,875.5619802953223,221.23300293313548,0.2526754335067345
Howland Forest,all_observations,8,100,885.3165893554688,885.1247492301426,234.25822550188957,0.2646612533494753
Howland Forest,all_observations,9,100,885.3165893554688,885.1247492301426,234.25822550188957,0.2646612533494753
Howland Forest,all_observations,10,100,885.3165893554688,885.1247492301426,234.25822550188957,0.2646612533494753
Howland Forest,all_observations,11,100,885.3165893554688,885.1247492301426,234.25822550188957,0.2646612533494753
Eight-mile Lake,prior_only,0,100,2652.542236328125,2653.403715613137,64.93577898183676,0.024472634375139437
Eight-mile Lake,prior_only,1,100,2885.4420166015625,2886.3189812767005,82.62872788334832,0.028627718703079483
Eight-mile Lake,prior_only,2,100,2098.73388671875,2099.7603404814126,116.29284846368273,0.05538386749271597
Eight-mile Lake,prior_only,3,100,1817.9974365234375,1819.3265638833104,33.807214233686764,0.0185822682440947
Eight-mile Lake,prior_only,4,100,3610.2716064453125,3611.8010267673512,93.29331969083488,0.02583013820513104
Eight-mile Lake,prior_only,5,100,1632.153564453125,1633.9263666639024,61.2472209038952,0.03748468851074836
Eight-mile Lake,prior_only,6,100,3063.1439208984375,3064.358111225037,75.72747578615588,0.02471234530610469
Eight-mile Lake,prior_only,7,100,2708.003173828125,2710.451850299366,169.9514496079965,0.06270225740745979
Eight-mile Lake,prior_only,8,100,2731.0352783203125,2731.52536451123,53.90246614918753,0.019733467186321612
Eight-mile Lake,prior_only,9,100,2168.4036865234375,2169.656609704936,83.80996931477134,0.03862821837330707
Eight-mile Lake,prior_only,10,100,3341.5159912109375,3342.3631072488442,87.80666825565909,0.02627083456768234
Eight-mile Lake,prior_only,11,100,2663.0135498046875,2663.316326397579,40.8599593245323,0.01534175979005835
Eight-mile Lake,stocks_only,0,100,3981.559326171875,3982.3257225985603,130.71027454762483,0.03282259756048617
Eight-mile Lake,stocks_only,1,100,3931.6556396484375,3932.481077323612,137.08871412348785,0.034860616345746887
Eight-mile Lake,stocks_only,2,100,3931.6556396484375,3932.481077323612,137.08871412348785,0.034860616345746887
Eight-mile Lake,stocks_only,3,100,3782.6717529296875,3783.4437772827528,146.24720674442204,0.03865452094796448
Eight-mile Lake,stocks_only,4,100,3782.6717529296875,3783.4437772827528,146.24720674442204,0.03865452094796448
Eight-mile Lake,stocks_only,5,100,3782.6717529296875,3783.4437772827528,146.24720674442204,0.03865452094796448
Eight-mile Lake,stocks_only,6,100,3583.35888671875,3584.0245405626806,150.644931201257,0.042032338087061825
Eight-mile Lake,stocks_only,7,100,3390.1900634765625,3390.817500046897,176.16309145909423,0.05195298521865532
Eight-mile Lake,stocks_only,8,100,3841.3466796875,3842.7872442384473,222.30518568549041,0.05784998532479157
Eight-mile Lake,stocks_only,9,100,4045.244873046875,4046.6170090118894,243.30143099074988,0.06012464991100299
Eight-mile Lake,stocks_only,10,100,4236.265869140625,4237.484244558956,258.22945459345044,0.06093933090725329
Eight-mile Lake,stocks_only,11,100,4135.839599609375,4136.955207151787,278.8574711671248,0.06740645165435878
Eight-mile Lake,soil14c_only,0,100,8498.36962890625,8499.702790849546,148.62344874649636,0.017485723019221175
Eight-mile Lake,soil14c_only,1,100,8450.146484375,8451.547479781193,138.41092594098671,0.01637699205643818
Eight-mile Lake,soil14c_only,2,100,8406.20166015625,8407.705060932883,152.65350799049776,0.01815638237594885
Eight-mile Lake,soil14c_only,3,100,8452.326171875,8453.741815301508,153.51104200010175,0.01815894610387113
Eight-mile Lake,soil14c_only,4,100,8399.13232421875,8400.50315173138,173.76353628705075,0.020684896267342906
Eight-mile Lake,soil14c_only,5,100,8399.13232421875,8400.50315173138,173.76353628705075,0.020684896267342906
Eight-mile Lake,soil14c_only,6,100,8312.76806640625,8314.006459528786,186.1536362786759,0.02239036464366983
Eight-mile Lake,soil14c_only,7,100,8297.1025390625,8298.279376947528,177.87308027207277,0.021434935146459517
Eight-mile Lake,soil14c_only,8,100,8383.6396484375,8385.112481547982,179.1911353206567,0.021370152841119205
Eight-mile Lake,soil14c_only,9,100,8469.82373046875,8471.161720837395,200.243142653561,0.023638215070431505
Eight-mile Lake,soil14c_only,10,100,8469.82373046875,8471.161720837395,200.243142653561,0.023638215070431505
Eight-mile Lake,soil14c_only,11,100,8453.13671875,8454.503947875386,204.35698431409935,0.024171374875926837
Eight-mile Lake,resp14c_only,0,100,8407.6455078125,8408.058539689198,198.35567668636625,0.02359113887588352
Eight-mile Lake,resp14c_only,1,100,8441.138671875,8441.522691628448,192.529898014274,0.022807484508121745
Eight-mile Lake,resp14c_only,2,100,8414.5849609375,8415.814980147103,211.09492953508783,0.02508312386061962
Eight-mile Lake,resp14c_only,3,100,8592.658203125,8593.830155076028,240.8513314960871,0.028026075352888605
Eight-mile Lake,resp14c_only,4,100,8530.240234375,8531.92748290076,190.24008655774327,0.022297433603252304
Eight-mile Lake,resp14c_only,5,100,8592.658203125,8593.904953853107,229.99236998956908,0.026762265957625143
Eight-mile Lake,resp14c_only,6,100,8569.8544921875,8571.577491823631,193.1357416493329,0.022532111718474666
Eight-mile Lake,resp14c_only,7,100,8718.095703125,8719.65207308828,255.1656358353759,0.02926328180259636
Eight-mile Lake,resp14c_only,8,100,8737.3271484375,8741.038513071328,337.6684213795662,0.03863024066014784
Eight-mile Lake,resp14c_only,9,100,8737.3271484375,8741.038513071328,337.6684213795662,0.03863024066014784
Eight-mile Lake,resp14c_only,10,100,8947.18359375,8950.512390786178,301.31088359764453,0.033664093232005296
Eight-mile Lake,resp14c_only,11,100,8845.830078125,8849.403404959752,269.19196388202323,0.03041922167670099
Eight-mile Lake,stocks_soil14c,0,100,8696.8046875,8698.326396730516,158.6593165812832,0.01824021189190133
Eight-mile Lake,stocks_soil14c,1,100,8696.8046875,8698.326396730516,158.6593165812832,0.01824021189190133
Eight-mile Lake,stocks_soil14c,2,100,8696.8046875,8698.326396730516,158.6593165812832,0.01824021189190133
Eight-mile Lake,stocks_soil14c,3,100,8603.70458984375,8605.229197701807,130.9271973437522,0.015214841387225205
Eight-mile Lake,stocks_soil14c,4,100,8520.71484375,8522.275182368045,129.36745522325802,0.015179919969130977
Eight-mile Lake,stocks_soil14c,5,100,8520.71484375,8522.275182368045,129.36745522325802,0.015179919969130977
Eight-mile Lake,stocks_soil14c,6,100,8617.21337890625,8618.422162194367,145.14112437618746,0.016840800049557163
Eight-mile Lake,stocks_soil14c,7,100,8671.47607421875,8672.721844683774,146.151581402246,0.016851870037989786
Eight-mile Lake,stocks_soil14c,8,100,8671.47607421875,8672.721844683774,146.151581402246,0.016851870037989786
Eight-mile Lake,stocks_soil14c,9,100,8600.18798828125,8601.67228771921,166.97988058722973,0.0194124903858091
Eight-mile Lake,stocks_soil14c,10,100,8613.12255859375,8614.696811903155,176.87919160445696,0.020532259633334778
Eight-mile Lake,stocks_soil14c,11,100,8622.9619140625,8624.487641421994,214.72856905170988,0.02489754498811082
Eight-mile Lake,stocks_resp14c,0,100,8400.6943359375,8402.093741113764,183.59130221793947,0.021850661022689684
Eight-mile Lake,stocks_resp14c,1,100,8430.0693359375,8431.434060720796,172.59375988582502,0.020470273341741597
Eight-mile Lake,stocks_resp14c,2,100,8430.0693359375,8431.434060720796,172.59375988582502,0.020470273341741597
Eight-mile Lake,stocks_resp14c,3,100,8384.4794921875,8385.756532714915,190.2565324011182,0.022688058216200326
Eight-mile Lake,stocks_resp14c,4,100,8384.4794921875,8385.756532714915,190.2565324011182,0.022688058216200326
Eight-mile Lake,stocks_resp14c,5,100,8316.0400390625,8317.528145570626,163.3522869799338,0.019639523199801206
Eight-mile Lake,stocks_resp14c,6,100,8321.9755859375,8323.671565692368,145.21260568210104,0.017445739483597966
Eight-mile Lake,stocks_resp14c,7,100,8265.6103515625,8267.582760098374,139.2931015378485,0.016848104891083193
Eight-mile Lake,stocks_resp14c,8,100,8215.8203125,8218.062399853303,145.93420917044728,0.017757739241923046
Eight-mile Lake,stocks_resp14c,9,100,8177.20751953125,8177.865407283623,119.90298642993223,0.014661892860591778
Eight-mile Lake,stocks_resp14c,10,100,8177.20751953125,8177.865407283623,119.90298642993223,0.014661892860591778
Eight-mile Lake,stocks_resp14c,11,100,8177.20751953125,8177.865407283623,119.90298642993223,0.014661892860591778
Eight-mile Lake,all_observations,0,100,8184.671875,8186.227128597375,134.35878905939506,0.01641278539536638
Eight-mile Lake,all_observations,1,100,8184.671875,8186.227128597375,134.35878905939506,0.01641278539536638
Eight-mile Lake,all_observations,2,100,8184.671875,8186.227128597375,134.35878905939506,0.01641278539536638
Eight-mile Lake,all_observations,3,100,8236.119140625,8237.46483757151,137.78588288024196,0.016726733964531577
Eight-mile Lake,all_observations,4,100,8288.20947265625,8289.610582860412,128.62008056242666,0.015515816970746657
Eight-mile Lake,all_observations,5,100,8288.20947265625,8289.610582860412,128.62008056242666,0.015515816970746657
Eight-mile Lake,all_observations,6,100,8288.20947265625,8289.610582860412,128.62008056242666,0.015515816970746657
Eight-mile Lake,all_observations,7,100,8305.1884765625,8306.562840269638,121.45849519894558,0.014621991976046128
Eight-mile Lake,all_observations,8,100,8305.1884765625,8306.562840269638,121.45849519894558,0.014621991976046128
Eight-mile Lake,all_observations,9,100,8305.1884765625,8306.562840269638,121.45849519894558,0.014621991976046128
Eight-mile Lake,all_observations,10,100,8204.90966796875,8206.689889356647,103.0325882208939,0.012554707148678554
Eight-mile Lake,all_observations,11,100,8255.4951171875,8257.606235400555,88.96128959896853,0.010773254023374155
